date,peak_mw,peak_time,tmax,tmin,tmean,app_tmax,rh,dew,rain,wind,rad,month
2023-09-13,6246.3,15:18:41,33.7,26.4,29.7,40.9,79,25.5,7.4,16.3,19.38,9
2023-09-14,6754.3,22:51:46,34.1,26.7,29.2,40.4,82,25.5,5.5,15.3,17.47,9
2023-09-15,6428.5,00:00:49,32.0,25.5,28.1,38.5,87,25.7,5.7,14.6,12.27,9
2023-09-16,5949.4,00:00:21,31.5,26.4,28.3,35.4,84,25.3,7.8,23.9,14.38,9
2023-09-17,5208.1,23:17:30,31.7,25.2,27.1,36.2,87,24.7,6.5,22.5,14.09,9
2023-09-18,5570.1,15:23:22,31.7,24.7,27.9,35.6,79,23.7,2.1,23.1,19.23,9
2023-09-19,6036.8,23:15:31,33.1,24.6,28.6,38.3,77,23.9,0.2,11.5,19.85,9
2023-09-20,6372.9,23:18:28,33.1,25.5,29.4,40.2,76,24.5,0.9,9.2,18.58,9
2023-09-21,6659.6,15:43:31,33.5,26.0,28.9,41.0,81,25.1,2.6,22.0,18.69,9
2023-09-22,6556.0,15:02:31,33.3,25.3,29.4,40.2,78,24.9,0.3,10.5,19.0,9
2023-09-23,6341.0,00:00:03,32.8,25.6,28.6,40.3,82,25.1,1.4,13.7,18.26,9
2023-09-24,5385.6,00:00:14,32.8,25.3,27.9,37.4,80,23.8,0.9,14.8,17.99,9
2023-09-25,5712.0,15:22:47,32.9,24.6,28.6,38.6,76,23.6,0.2,9.4,19.03,9
2023-09-26,5796.6,15:40:33,32.9,24.9,28.8,37.8,73,23.0,0.2,9.4,18.69,9
2023-09-27,5723.4,15:31:57,33.3,23.3,27.8,36.1,65,20.2,0.0,14.0,20.37,9
2023-09-28,5322.6,00:00:45,33.1,20.6,26.6,35.7,62,18.2,0.0,12.9,20.62,9
2023-09-29,5510.5,15:31:05,33.2,20.4,26.8,35.5,61,18.2,0.0,9.7,20.38,9
2023-09-30,5199.4,23:15:13,34.8,22.8,27.9,36.6,57,17.8,0.0,17.6,19.96,9
2023-10-01,5076.6,00:00:24,34.6,21.3,27.4,36.2,54,15.9,0.0,19.5,20.01,10
2023-10-02,4614.1,00:00:36,33.8,20.2,26.7,33.5,43,12.0,0.0,19.9,20.07,10
2023-10-03,4859.6,17:09:51,33.9,20.0,26.4,32.6,40,11.2,0.0,23.4,20.12,10
2023-10-04,4930.5,16:02:03,33.9,18.9,26.3,33.2,53,15.2,0.0,21.1,19.8,10
2023-10-05,4927.4,15:18:50,34.3,19.9,26.4,33.9,52,14.7,0.0,16.4,19.76,10
2023-10-06,4996.3,15:31:14,35.3,19.9,27.3,35.8,51,15.5,0.0,13.7,19.44,10
2023-10-07,4968.0,18:46:25,35.0,21.6,28.3,38.0,60,19.4,0.0,14.4,18.75,10
2023-10-08,5316.9,23:12:42,35.3,24.1,29.7,37.3,58,20.0,0.0,14.9,18.53,10
2023-10-09,5583.6,15:26:26,35.2,24.6,29.3,36.4,54,18.5,0.0,16.7,17.67,10
2023-10-10,5567.5,15:10:23,33.5,24.4,28.4,36.2,55,18.0,2.5,13.1,16.6,10
2023-10-11,5086.5,15:09:15,33.7,21.2,26.5,34.2,57,16.1,0.0,15.5,18.63,10
2023-10-12,4945.0,18:22:40,33.2,18.9,25.8,33.4,54,15.0,0.0,14.3,18.47,10
2023-10-13,5065.1,18:24:39,34.7,20.3,27.5,35.5,55,16.7,0.0,13.4,17.85,10
2023-10-14,4817.9,18:22:27,35.0,21.6,28.2,35.3,52,16.2,0.0,16.1,16.54,10
2023-10-15,4530.0,00:02:25,33.7,22.3,27.3,35.4,55,16.9,0.1,15.6,16.86,10
2023-10-16,4557.6,12:38:46,29.0,19.8,24.3,30.2,65,17.1,9.9,27.6,13.08,10
2023-10-17,4158.4,18:16:07,28.7,18.2,22.3,30.6,72,16.6,3.3,13.5,14.24,10
2023-10-18,4190.1,18:35:42,29.0,17.1,22.6,29.0,65,14.9,0.0,14.7,17.09,10
2023-10-19,4132.7,17:59:42,28.6,17.0,21.9,28.4,63,14.1,0.0,13.2,17.17,10
2023-10-20,4204.9,18:20:30,29.1,17.0,22.4,29.6,65,14.7,0.0,9.9,17.1,10
2023-10-21,3919.4,18:15:26,29.7,16.7,22.8,30.6,63,14.5,0.0,9.8,16.88,10
2023-10-22,3670.4,18:23:13,30.4,17.1,23.3,31.1,61,14.6,0.0,10.8,16.33,10
2023-10-23,4024.4,18:30:02,29.7,17.6,23.2,29.9,64,15.3,0.0,11.4,16.29,10
2023-10-24,3507.7,10:58:08,30.5,17.7,23.4,30.5,60,14.3,0.0,11.0,16.18,10
2023-10-25,4113.1,18:16:19,30.6,17.1,23.2,30.0,59,13.9,0.0,14.6,16.25,10
2023-10-26,4108.3,18:06:41,30.5,16.9,22.9,29.7,58,13.1,0.0,13.0,16.42,10
2023-10-27,4114.3,18:19:40,30.4,16.6,22.9,29.5,51,11.5,0.0,11.9,16.52,10
2023-10-28,3873.3,18:17:01,30.0,18.6,24.4,30.0,48,12.2,0.0,10.0,13.66,10
2023-10-29,3692.0,18:11:23,31.4,17.8,24.0,32.3,56,14.1,0.0,9.3,15.53,10
2023-10-30,4133.4,18:24:58,31.7,17.6,23.9,33.8,67,16.4,0.0,10.7,15.14,10
2023-10-31,4209.7,18:17:36,31.1,18.5,24.1,32.9,69,17.2,0.0,8.9,15.07,10
2023-11-01,4320.0,12:31:40,30.5,18.8,24.0,31.7,66,16.6,0.0,10.8,15.14,11
2023-11-02,4198.6,18:07:38,30.3,19.0,24.1,31.1,66,16.6,0.0,10.5,14.8,11
2023-11-03,4231.0,12:23:39,28.5,17.8,22.5,29.3,70,16.3,1.1,16.8,13.99,11
2023-11-04,3928.0,17:59:35,29.6,15.9,22.5,30.1,66,15.2,0.0,16.0,14.63,11
2023-11-05,3845.4,11:20:03,29.6,16.8,22.7,29.1,62,13.9,0.0,11.3,15.08,11
2023-11-06,4074.5,12:32:01,29.5,15.2,22.2,29.9,60,13.3,0.0,11.4,14.88,11
2023-11-07,4054.6,17:59:16,30.1,16.3,22.5,29.9,64,14.4,0.0,11.4,14.45,11
2023-11-08,4141.1,11:57:44,29.5,16.8,22.7,29.9,65,15.2,0.0,10.3,14.33,11
2023-11-09,4067.4,11:04:57,29.2,16.9,22.7,29.9,65,15.2,0.0,10.3,13.97,11
2023-11-10,4136.5,12:00:18,26.4,16.1,20.5,26.6,76,15.8,2.9,19.5,10.93,11
2023-11-11,3606.1,11:03:46,25.3,14.9,19.2,24.7,76,14.4,0.0,11.6,13.89,11
2023-11-12,3060.6,18:17:22,25.1,13.9,18.8,24.7,74,13.5,0.0,11.4,14.09,11
2023-11-13,2911.2,10:26:05,25.6,13.2,19.0,25.8,73,13.6,0.0,9.8,13.85,11
2023-11-14,3345.3,10:41:28,25.2,14.1,18.9,24.5,71,13.0,0.0,9.8,11.71,11
2023-11-15,3600.8,10:22:24,25.7,13.1,18.5,25.2,72,12.8,0.0,10.2,13.86,11
2023-11-16,3611.3,10:53:34,26.2,13.0,19.7,26.5,69,13.2,0.0,8.6,13.52,11
2023-11-17,3885.9,10:45:13,26.8,14.3,20.4,27.0,71,14.4,0.0,9.9,13.0,11
2023-11-18,3597.1,10:30:23,26.2,14.6,19.9,26.3,70,13.8,0.0,8.0,13.04,11
2023-11-19,3493.4,11:17:23,25.7,13.9,20.1,25.2,66,13.0,0.0,10.5,12.88,11
2023-11-20,3533.6,11:01:33,25.5,13.4,19.6,24.7,65,12.4,0.0,10.2,13.19,11
2023-11-21,3657.3,11:37:05,25.2,13.5,18.8,23.8,70,12.5,0.0,16.3,13.18,11
2023-11-22,3788.7,12:04:39,24.8,13.1,18.1,23.2,65,11.0,0.0,13.8,13.32,11
2023-11-23,3710.3,18:06:36,24.8,11.3,18.0,25.0,68,11.5,0.0,9.0,13.21,11
2023-11-24,3994.9,11:00:58,25.1,13.4,18.5,24.9,69,12.3,0.0,10.0,13.01,11
2023-11-25,3741.2,10:33:22,25.3,12.4,18.5,24.5,68,11.9,0.0,10.0,12.87,11
2023-11-26,3838.7,10:58:10,25.5,14.2,19.2,24.5,68,12.6,0.0,11.2,10.47,11
2023-11-27,3933.6,10:53:29,24.0,15.7,18.5,22.7,75,13.7,4.0,23.2,6.96,11
2023-11-28,3824.9,10:57:29,20.6,15.1,17.4,21.7,88,15.3,3.2,10.2,6.06,11
2023-11-29,3884.1,10:14:13,24.4,13.4,18.5,24.4,80,14.5,0.4,8.7,11.56,11
2023-11-30,3841.6,10:17:40,21.7,14.1,17.8,21.8,84,14.9,1.0,13.3,9.33,11
2023-12-01,4023.3,10:44:47,24.2,13.8,18.4,24.6,81,14.9,0.1,8.0,11.06,12
2023-12-02,3724.7,10:45:23,24.2,13.2,18.0,24.3,79,13.9,0.0,8.7,11.66,12
2023-12-03,3837.8,11:30:45,24.5,12.2,18.0,23.8,74,12.8,0.1,10.4,12.09,12
2023-12-04,3835.2,10:30:25,22.9,13.7,17.8,21.6,73,12.2,0.0,11.3,10.56,12
2023-12-05,3836.2,10:01:42,23.2,11.5,16.5,21.5,73,11.1,0.0,12.4,12.3,12
2023-12-06,3886.9,10:10:19,23.6,11.7,16.4,23.1,76,11.7,0.0,11.3,12.46,12
2023-12-07,3870.1,10:02:47,24.1,11.6,16.7,23.3,77,12.0,0.0,10.2,12.06,12
2023-12-08,4070.4,10:43:45,23.8,11.4,16.5,22.5,74,11.3,0.0,13.3,12.3,12
2023-12-09,3874.4,10:15:13,23.4,10.7,15.9,21.3,70,9.9,0.0,13.3,12.43,12
2023-12-10,3940.2,10:37:22,22.5,10.8,15.5,19.4,68,9.2,0.0,18.0,12.46,12
2023-12-11,3946.3,10:34:17,22.3,9.1,15.2,20.9,69,9.0,0.0,10.1,12.27,12
2023-12-12,4007.8,09:45:39,22.8,9.3,15.6,22.5,70,9.6,0.0,11.4,12.03,12
2023-12-13,4116.9,10:04:23,22.8,10.4,15.9,21.5,67,9.2,0.0,10.3,12.09,12
2023-12-14,3830.0,10:33:06,22.1,9.7,14.7,19.2,71,8.8,0.0,16.1,12.28,12
2023-12-15,4243.5,10:34:15,22.1,7.5,14.2,20.3,71,8.2,0.0,10.2,12.21,12
2023-12-16,4034.3,10:20:18,22.3,7.7,14.5,20.0,67,7.7,0.0,12.1,12.01,12
2023-12-17,4136.3,11:10:12,22.6,9.5,15.4,20.2,64,8.1,0.0,12.6,12.03,12
2023-12-18,4158.1,10:00:48,21.5,9.1,14.3,17.5,67,7.5,0.0,20.1,12.25,12
2023-12-19,4351.4,11:00:48,21.5,8.6,14.2,18.3,64,7.2,0.0,17.1,12.45,12
2023-12-20,4361.5,10:36:12,20.4,7.9,13.6,18.3,70,7.9,0.0,11.8,11.55,12
2023-12-21,4344.1,10:13:22,21.6,8.1,13.9,19.4,74,8.9,0.0,13.3,11.92,12
2023-12-22,4582.1,10:03:26,21.5,7.1,13.9,20.8,76,9.1,0.0,9.7,12.16,12
2023-12-23,4277.4,09:54:07,22.1,11.1,16.1,21.1,72,10.6,0.3,9.4,11.89,12
2023-12-24,4287.5,11:00:23,22.9,9.7,15.8,22.2,76,11.2,0.0,9.2,11.93,12
2023-12-25,4532.4,11:48:05,22.9,10.7,15.5,22.0,78,11.2,0.0,12.2,12.12,12
2023-12-26,4399.9,10:20:21,22.7,9.5,15.4,21.8,75,10.4,0.0,8.2,11.42,12
2023-12-27,4531.2,10:39:36,21.7,8.5,14.3,20.9,80,10.4,0.0,10.1,12.13,12
2023-12-28,4577.6,09:58:56,20.9,9.7,14.0,20.4,85,11.1,0.0,10.3,11.64,12
2023-12-29,4883.7,10:43:50,20.2,8.3,13.3,20.6,87,11.0,0.0,6.4,10.26,12
2023-12-30,4556.3,10:29:58,19.0,9.0,12.5,19.1,90,10.8,0.0,9.3,9.24,12
2023-12-31,4634.5,11:00:27,18.7,7.6,12.7,18.4,84,9.7,0.0,8.0,11.45,12
2024-01-01,5133.9,10:29:44,16.2,5.9,10.4,14.8,85,7.8,0.0,8.2,10.65,1
2024-01-02,4909.8,10:50:15,15.3,4.6,9.1,14.1,86,6.6,0.0,8.2,11.21,1
2024-01-03,5256.7,11:14:36,15.9,4.8,9.5,14.7,89,7.5,0.0,10.4,9.77,1
2024-01-04,5241.4,10:45:26,17.9,5.2,11.5,17.2,82,8.2,0.0,10.2,10.85,1
2024-01-05,5538.5,10:20:19,17.3,7.3,11.7,16.8,85,9.1,0.1,9.7,7.51,1
2024-01-06,5137.1,10:53:27,16.9,6.3,11.6,15.8,82,8.3,0.0,9.0,9.25,1
2024-01-07,5105.6,10:50:26,17.5,6.1,11.4,16.7,81,7.9,0.0,7.1,12.7,1
2024-01-08,5337.3,10:51:47,18.4,5.5,10.9,18.4,86,8.4,0.0,8.9,12.32,1
2024-01-09,5434.7,10:57:10,18.0,6.2,10.8,16.5,86,8.3,0.0,13.9,12.52,1
2024-01-10,5610.6,11:08:29,15.8,4.6,9.2,13.4,84,6.5,0.0,15.0,13.14,1
2024-01-11,5422.1,10:01:29,15.5,5.6,9.3,13.6,88,7.2,0.0,12.0,10.92,1
2024-01-12,5700.6,10:49:56,17.4,5.6,10.1,15.7,86,7.5,0.0,12.4,12.01,1
2024-01-13,5334.6,10:00:08,18.1,5.9,10.3,17.2,84,7.4,0.0,10.2,10.08,1
2024-01-14,5463.5,10:45:03,18.0,4.8,9.7,16.4,86,7.0,0.0,10.0,12.14,1
2024-01-15,5478.0,10:00:47,16.1,5.0,9.0,14.2,85,6.4,0.0,9.0,12.41,1
2024-01-16,5434.1,10:23:19,17.5,3.9,8.9,16.2,86,6.3,0.0,11.0,12.09,1
2024-01-17,5725.7,10:53:44,17.8,4.0,9.9,16.5,84,6.9,0.0,10.7,13.86,1
2024-01-18,5466.5,09:58:23,17.5,6.0,11.0,17.1,86,8.5,0.0,8.0,11.35,1
2024-01-19,5797.5,10:20:47,16.8,6.3,10.2,16.0,89,8.2,0.0,9.2,11.02,1
2024-01-20,5491.6,11:02:37,16.1,5.1,9.6,15.1,88,7.5,0.0,10.3,12.15,1
2024-01-21,5522.2,11:46:10,16.1,5.2,9.0,13.9,89,7.1,0.0,14.1,11.72,1
2024-01-22,5815.6,10:52:54,16.9,5.0,9.2,16.0,86,6.7,0.0,10.6,12.28,1
2024-01-23,5526.1,10:36:58,17.3,4.9,10.4,16.9,88,8.3,0.0,8.9,12.47,1
2024-01-24,5709.4,10:45:02,18.2,6.4,11.3,16.7,84,8.3,0.0,8.3,13.72,1
2024-01-25,5537.3,10:14:22,17.5,5.6,10.2,16.9,88,8.0,0.0,10.4,12.39,1
2024-01-26,4888.4,10:48:56,18.5,6.0,11.4,18.0,84,8.5,0.0,11.3,13.86,1
2024-01-27,4969.4,09:59:59,20.6,6.9,12.5,17.9,77,8.0,0.0,16.8,14.63,1
2024-01-28,5054.6,11:00:55,20.3,7.0,13.8,19.2,79,10.0,0.0,13.8,11.52,1
2024-01-29,5258.8,10:20:36,21.3,9.5,14.5,21.9,85,11.8,0.0,12.2,14.27,1
2024-01-30,5269.0,10:29:52,20.5,10.0,13.8,21.0,89,11.8,0.0,9.4,13.03,1
2024-01-31,5317.8,10:35:24,20.2,9.9,14.0,20.7,92,12.6,9.0,14.5,9.17,1
2024-02-01,5079.4,10:57:22,21.2,12.2,15.4,21.3,86,12.9,30.0,21.5,10.42,2
2024-02-02,5406.4,10:40:05,19.3,8.5,13.0,17.7,84,9.9,0.0,15.5,14.6,2
2024-02-03,4955.3,09:50:14,20.7,8.2,14.1,20.0,70,8.3,0.0,11.5,13.17,2
2024-02-04,4915.4,11:01:23,20.7,12.9,16.0,20.9,85,13.4,7.1,16.2,9.1,2
2024-02-05,4830.6,09:59:43,19.8,10.3,15.1,19.4,83,11.9,2.1,12.2,13.92,2
2024-02-06,4843.3,09:47:57,18.7,7.5,12.2,16.0,75,7.2,0.0,15.6,16.33,2
2024-02-07,4797.6,09:38:58,18.4,7.9,12.5,14.9,66,5.9,0.0,23.7,16.05,2
2024-02-08,4772.7,10:00:05,19.1,8.2,13.1,14.9,64,6.0,0.0,27.4,16.61,2
2024-02-09,4919.2,10:00:57,20.5,8.1,13.4,19.2,66,6.8,0.0,15.7,16.78,2
2024-02-10,4642.9,10:38:33,19.7,7.2,13.1,18.8,78,9.0,0.0,11.8,15.33,2
2024-02-11,4576.5,10:30:18,21.5,8.1,14.1,20.8,75,9.2,0.0,9.7,16.79,2
2024-02-12,4555.0,09:50:28,21.5,7.7,14.3,21.4,75,9.4,0.0,9.7,14.76,2
2024-02-13,4563.6,10:40:17,21.2,8.5,14.9,20.7,73,9.6,0.0,10.5,13.9,2
2024-02-14,4690.1,09:59:11,22.7,9.6,15.8,21.7,74,10.6,0.0,13.6,17.04,2
2024-02-15,4330.0,09:58:51,23.6,9.7,15.8,22.2,69,9.3,0.0,15.0,17.36,2
2024-02-16,4571.5,10:50:42,24.5,8.6,15.7,22.6,64,7.7,0.0,12.8,17.85,2
2024-02-17,4150.8,10:25:06,24.6,9.7,16.2,22.1,61,7.7,0.0,14.9,17.99,2
2024-02-18,4150.4,11:00:59,27.1,10.0,18.6,25.5,59,9.4,0.0,15.9,17.4,2
2024-02-19,4142.3,10:25:04,26.8,14.7,20.3,24.4,61,12.3,0.0,28.5,17.04,2
2024-02-20,4096.5,10:03:56,27.3,15.3,20.2,26.9,66,12.5,0.2,20.0,16.74,2
2024-02-21,4190.4,10:22:17,25.9,12.2,18.5,23.7,58,7.7,0.0,17.3,18.25,2
2024-02-22,4060.5,10:19:26,24.0,10.9,17.4,21.3,51,5.9,0.0,16.7,18.19,2
2024-02-23,4255.2,10:25:55,22.8,8.5,15.6,19.9,48,3.6,0.0,15.2,18.88,2
2024-02-24,3991.4,09:57:36,23.4,9.3,16.2,21.9,45,3.6,0.0,12.1,16.51,2
2024-02-25,4127.4,10:45:12,25.0,10.5,17.3,23.2,39,1.9,0.0,17.7,17.94,2
2024-02-26,4007.3,10:28:03,24.6,11.1,17.6,22.2,46,4.9,0.0,12.0,14.2,2
2024-02-27,4079.4,10:00:06,24.5,14.1,18.0,22.4,46,5.7,0.9,16.0,16.51,2
2024-02-28,4123.3,10:20:24,24.0,11.4,17.3,21.1,57,8.0,0.0,20.7,19.22,2
2024-02-29,4094.7,09:47:30,26.3,12.0,18.4,24.7,56,8.6,0.0,13.2,19.57,2
2024-03-01,4176.6,10:35:47,26.5,13.9,20.0,25.6,60,11.7,1.7,16.0,14.26,3
2024-03-02,3764.7,10:33:01,24.7,17.3,19.8,22.6,74,14.8,6.5,33.4,12.99,3
2024-03-03,3924.2,10:36:25,22.7,13.4,17.6,23.2,70,11.2,10.4,15.4,19.22,3
2024-03-04,3961.3,10:00:38,21.7,11.1,15.8,19.1,62,6.5,0.0,14.7,20.51,3
2024-03-05,4062.5,10:00:12,20.9,8.9,14.7,18.6,54,5.0,0.0,15.6,20.52,3
2024-03-06,4207.5,10:27:30,21.1,9.2,15.1,18.8,56,6.0,0.0,15.3,16.39,3
2024-03-07,4042.4,10:13:53,24.2,10.1,17.1,22.5,56,7.4,0.0,15.1,19.93,3
2024-03-08,4482.3,09:43:42,25.4,11.3,17.9,23.4,53,7.3,0.0,16.8,20.67,3
2024-03-09,3822.5,10:44:06,25.2,11.8,17.9,23.0,50,6.7,0.0,17.4,21.11,3
2024-03-10,3808.2,11:01:08,26.6,12.0,19.2,25.6,51,7.9,0.0,11.6,20.25,3
2024-03-11,3973.5,10:00:31,29.5,14.8,22.3,29.6,47,9.4,0.0,13.8,20.42,3
2024-03-12,3896.7,10:31:01,29.1,13.9,21.9,28.1,47,9.1,0.0,16.9,20.86,3
2024-03-13,3927.3,10:30:42,29.4,13.9,21.4,28.7,52,10.3,0.2,18.2,19.58,3
2024-03-14,3842.7,10:46:40,29.2,14.1,21.6,28.4,53,10.0,0.0,15.8,20.93,3
2024-03-15,3989.4,10:17:53,27.2,14.3,20.3,24.9,43,6.4,0.0,16.9,22.0,3
2024-03-16,3692.0,10:31:06,27.6,12.7,19.7,26.7,45,6.1,0.0,12.9,21.57,3
2024-03-17,3629.9,10:45:41,28.8,11.8,20.5,27.8,46,7.5,0.0,11.5,21.21,3
2024-03-18,3822.8,10:22:34,28.5,13.0,20.6,27.6,48,8.2,0.0,13.0,22.39,3
2024-03-19,3834.9,10:51:14,29.8,13.6,21.5,28.7,45,7.7,0.0,16.3,22.01,3
2024-03-20,3905.2,10:43:45,32.0,14.2,23.2,31.1,44,8.4,0.0,11.6,22.31,3
2024-03-21,3765.7,10:24:33,29.2,16.9,22.7,29.7,55,12.7,0.0,18.7,21.61,3
2024-03-22,4114.0,10:58:14,32.4,17.8,24.8,33.2,51,12.8,0.0,13.3,21.86,3
2024-03-23,3832.7,10:44:05,33.8,18.1,25.7,32.1,46,11.4,0.0,19.6,22.41,3
2024-03-24,3469.1,10:25:26,31.0,18.6,24.4,28.3,45,10.9,0.1,35.3,17.04,3
2024-03-25,2716.0,19:08:59,32.8,16.6,25.0,32.2,47,11.5,0.0,21.2,22.4,3
2024-03-26,3463.7,10:28:29,33.6,18.5,26.0,32.6,42,11.1,0.0,14.2,18.51,3
2024-03-27,3976.4,11:20:52,36.4,21.6,28.4,36.8,41,12.5,0.0,20.4,20.08,3
2024-03-28,4238.1,15:49:31,37.0,21.9,29.0,38.1,41,13.5,0.0,16.3,21.03,3
2024-03-29,4209.3,12:00:22,36.5,20.9,28.2,37.8,46,14.7,0.0,19.4,20.21,3
2024-03-30,4071.0,15:50:13,35.2,22.8,28.4,36.7,39,12.3,0.0,19.2,21.37,3
2024-03-31,3857.7,12:06:56,34.4,20.0,27.4,34.1,36,10.0,0.0,21.4,22.26,3
2024-04-01,4010.9,12:06:16,31.3,18.7,24.9,29.1,38,8.4,0.0,20.8,20.99,4
2024-04-02,3966.5,18:58:32,32.9,17.1,25.3,30.2,33,6.5,0.0,21.4,22.85,4
2024-04-03,4133.1,15:50:07,35.9,21.8,28.3,34.7,24,4.9,0.0,18.8,21.42,4
2024-04-04,4363.5,15:12:06,36.4,20.5,29.2,35.1,26,6.0,0.0,18.0,22.65,4
2024-04-05,4451.4,15:16:12,35.6,21.2,28.2,32.5,24,5.2,0.0,28.2,18.55,4
2024-04-06,4126.2,14:43:27,35.0,19.6,27.3,31.7,21,2.2,0.0,21.3,23.91,4
2024-04-07,3859.4,19:28:07,35.4,17.5,26.9,32.2,21,0.8,0.0,21.1,24.46,4
2024-04-08,4370.4,15:22:59,36.8,19.0,28.0,34.3,20,1.1,0.0,20.0,24.0,4
2024-04-09,4351.1,15:37:18,37.8,19.9,29.0,36.0,18,0.5,0.0,16.6,22.81,4
2024-04-10,4517.3,15:05:47,38.6,19.8,28.9,37.4,21,3.1,0.0,13.4,22.85,4
2024-04-11,4273.6,15:37:42,38.0,22.2,30.0,37.4,21,4.1,0.0,14.2,23.27,4
2024-04-12,4717.5,15:12:46,38.8,21.8,30.5,37.3,21,4.3,0.0,11.3,23.17,4
2024-04-13,4413.1,14:50:16,38.5,25.3,30.8,36.7,27,7.8,1.2,16.0,21.39,4
2024-04-14,3809.0,19:18:07,33.8,22.8,27.5,33.9,45,14.0,0.5,15.5,14.43,4
2024-04-15,4433.1,15:00:48,36.3,22.3,28.8,37.4,48,15.3,1.3,20.9,19.34,4
2024-04-16,4584.0,15:24:58,35.7,23.5,29.8,34.6,36,11.8,0.0,21.6,23.53,4
2024-04-17,4180.1,19:36:31,35.3,22.2,29.3,32.2,27,6.4,0.0,29.3,24.44,4
2024-04-18,4839.0,16:15:17,37.8,23.7,30.9,36.8,24,7.6,0.0,17.3,23.13,4
2024-04-19,5136.6,15:17:10,38.3,24.6,31.7,37.3,29,10.9,0.0,18.9,22.18,4
2024-04-20,4762.0,16:02:47,36.7,22.3,30.0,35.5,28,8.8,0.0,21.1,22.16,4
2024-04-21,4578.3,23:13:13,36.6,23.6,30.1,34.9,27,8.2,0.0,17.6,19.77,4
2024-04-22,4988.5,16:36:12,37.0,24.5,31.1,35.3,25,7.4,0.0,25.5,21.86,4
2024-04-23,5045.7,15:46:51,38.0,22.6,30.0,36.8,26,7.0,0.0,23.2,23.53,4
2024-04-24,4929.8,15:24:03,36.9,21.0,29.8,34.9,28,7.5,0.0,21.9,24.2,4
2024-04-25,5148.0,15:35:34,38.3,21.5,30.0,35.2,24,6.3,0.0,23.7,24.6,4
2024-04-26,5447.2,15:20:26,39.2,23.4,32.2,38.3,23,7.4,0.0,32.9,22.78,4
2024-04-27,5037.0,15:01:38,37.9,26.0,32.0,35.7,27,9.6,0.0,21.3,23.04,4
2024-04-28,4994.5,22:54:09,37.5,22.7,30.6,36.9,28,8.6,0.0,17.0,22.85,4
2024-04-29,5408.5,15:18:02,38.1,23.6,30.8,37.6,26,8.4,0.0,23.7,23.27,4
2024-04-30,5046.6,15:18:06,36.2,23.3,29.7,34.0,25,5.6,0.0,19.0,25.05,4
2024-05-01,4737.7,00:01:09,32.7,20.5,26.9,28.8,22,2.4,0.0,23.6,25.05,5
2024-05-02,4835.5,15:24:31,35.0,19.3,27.6,32.2,26,5.5,0.0,19.5,24.83,5
2024-05-03,5079.4,15:33:10,38.1,20.7,30.2,34.2,22,4.8,0.0,23.9,23.98,5
2024-05-04,5101.4,22:52:51,40.6,26.5,33.0,38.5,19,5.0,0.0,16.4,23.07,5
2024-05-05,5363.3,22:42:18,40.9,25.0,33.3,39.2,20,6.3,0.0,19.2,24.29,5
2024-05-06,5978.4,22:48:26,40.6,26.0,33.8,38.3,22,8.1,0.0,23.6,23.37,5
2024-05-07,6433.7,22:53:00,41.4,26.2,34.0,41.2,25,9.8,0.0,18.1,22.52,5
2024-05-08,6388.6,15:35:45,39.7,27.0,32.7,40.7,39,16.0,0.0,21.1,22.05,5
2024-05-09,6271.3,15:26:04,39.6,26.2,32.5,41.6,37,15.0,0.0,25.3,23.12,5
2024-05-10,6529.0,15:20:31,39.5,26.0,32.1,42.8,43,17.6,1.1,20.9,22.18,5
2024-05-11,5791.6,23:46:18,38.8,26.0,31.9,40.1,42,16.5,0.1,18.5,20.51,5
2024-05-12,6183.1,23:38:49,37.8,27.5,32.3,38.5,38,15.4,0.1,15.9,20.92,5
2024-05-13,6307.3,15:15:42,40.3,27.2,33.0,39.7,29,11.1,0.0,16.4,20.44,5
2024-05-14,6260.2,15:20:46,40.7,24.6,32.8,38.8,21,6.1,0.0,20.5,23.89,5
2024-05-15,6485.9,23:25:34,42.3,25.4,34.2,39.7,19,5.7,0.0,17.8,24.08,5
2024-05-16,6780.0,15:26:28,42.7,26.5,34.5,41.3,18,6.1,0.0,18.0,24.07,5
2024-05-17,6919.6,22:42:11,44.0,28.1,36.3,42.0,18,6.7,0.0,16.3,23.58,5
2024-05-18,7173.6,22:52:45,44.0,27.1,37.0,41.9,19,8.2,0.0,26.6,23.38,5
2024-05-19,7163.6,23:26:58,44.9,27.7,36.7,42.9,17,6.6,0.0,26.4,23.8,5
2024-05-20,7590.9,23:37:29,43.6,29.1,36.4,42.5,19,8.1,0.0,28.3,22.98,5
2024-05-21,7716.6,15:33:33,42.6,29.1,35.2,44.3,28,13.1,0.0,15.8,23.19,5
2024-05-22,7999.5,15:42:10,41.1,29.8,35.2,42.9,36,17.5,0.3,24.4,21.86,5
2024-05-23,7649.3,00:00:19,41.1,30.5,35.7,42.9,36,17.4,0.0,22.9,21.07,5
2024-05-24,7873.1,15:33:08,40.9,30.4,35.6,43.2,36,17.5,0.0,20.6,22.2,5
2024-05-25,7580.9,00:00:35,44.4,30.6,37.4,43.9,27,13.8,0.0,27.4,22.17,5
2024-05-26,7679.6,23:27:34,46.0,29.5,38.1,43.6,17,8.1,0.0,25.9,24.34,5
2024-05-27,7932.6,23:16:38,45.7,30.2,38.2,44.1,18,7.6,0.0,22.1,24.18,5
2024-05-28,7911.2,15:19:34,45.8,28.9,37.3,43.7,14,3.6,0.0,19.2,24.91,5
2024-05-29,8302.0,15:36:32,45.7,31.1,38.6,45.7,18,9.0,0.0,17.9,22.34,5
2024-05-30,8091.4,15:28:18,45.8,33.0,39.2,43.4,16,5.8,0.0,25.2,24.03,5
2024-05-31,8032.4,23:25:10,45.9,28.5,37.6,42.2,12,2.2,0.0,25.5,24.19,5
2024-06-01,7925.5,00:01:12,44.0,31.3,37.4,41.4,17,7.5,0.0,26.4,16.6,6
2024-06-02,7360.2,23:44:09,41.4,30.5,36.4,44.2,25,12.1,0.0,20.7,21.43,6
2024-06-03,7915.3,23:19:18,44.4,29.6,36.9,42.7,25,11.2,0.0,20.2,23.08,6
2024-06-04,7852.3,15:04:37,43.1,30.9,36.9,42.4,19,9.0,0.0,24.1,22.0,6
2024-06-05,7997.9,15:45:37,41.7,30.2,36.6,41.3,23,12.1,0.0,25.4,20.7,6
2024-06-06,7482.1,15:30:54,40.8,28.2,35.0,40.8,28,13.2,0.0,20.0,23.28,6
2024-06-07,7486.3,16:05:51,42.2,28.9,35.2,40.9,30,14.1,0.0,22.4,23.05,6
2024-06-08,7348.4,00:00:37,40.2,28.3,34.7,38.0,27,12.4,0.0,25.6,22.52,6
2024-06-09,7123.8,23:34:21,42.2,28.3,35.1,40.0,23,8.9,0.0,19.8,24.13,6
2024-06-10,7449.5,15:14:03,43.0,27.9,36.0,41.0,18,7.4,0.0,22.2,23.78,6
2024-06-11,7684.8,16:29:57,43.2,28.9,36.3,41.9,19,8.3,0.0,20.0,23.28,6
2024-06-12,7781.3,23:19:12,44.1,28.8,36.9,42.0,17,7.3,0.0,18.2,24.13,6
2024-06-13,8004.5,15:26:36,44.9,29.6,37.6,42.3,20,9.9,0.0,28.1,23.67,6
2024-06-14,8220.1,15:20:24,43.4,32.8,37.5,42.3,28,15.3,0.0,31.5,21.15,6
2024-06-15,7854.2,23:49:02,43.3,32.2,37.7,42.0,27,14.7,0.0,28.3,22.45,6
2024-06-16,7807.1,00:00:33,44.1,32.8,38.4,42.8,25,14.5,0.0,25.1,22.72,6
2024-06-17,8236.2,23:38:36,44.0,33.7,38.9,43.2,25,14.9,0.0,26.8,22.38,6
2024-06-18,8646.6,15:22:15,44.2,34.5,38.9,43.9,25,14.4,0.0,30.9,22.42,6
2024-06-19,8655.5,15:06:55,41.3,33.7,37.0,43.5,35,18.8,0.8,32.1,18.9,6
2024-06-20,7765.4,23:07:05,39.3,25.5,34.0,42.7,45,19.5,4.9,14.5,18.67,6
2024-06-21,7662.9,00:00:26,38.3,25.4,32.5,41.7,53,21.1,2.1,28.2,19.31,6
2024-06-22,7007.3,15:33:25,38.5,29.9,33.7,41.7,51,21.7,0.0,12.3,16.95,6
2024-06-23,7327.4,23:33:53,39.5,30.2,34.5,43.8,51,22.5,0.3,15.5,21.03,6
2024-06-24,7553.8,15:03:55,39.5,31.0,34.1,44.4,54,23.1,1.7,15.1,19.38,6
2024-06-25,7712.5,15:31:07,36.6,29.8,32.9,41.7,62,24.5,4.0,15.3,15.2,6
2024-06-26,7770.9,15:10:18,34.3,26.8,31.0,39.1,73,25.4,23.3,19.4,13.72,6
2024-06-27,7153.1,00:00:14,30.4,25.4,28.3,35.1,84,25.2,11.5,21.7,8.14,6
2024-06-28,6716.3,00:00:12,30.6,25.6,27.8,36.3,85,25.0,20.9,14.8,8.42,6
2024-06-29,6220.3,14:35:15,32.9,26.5,29.3,39.6,80,25.4,18.9,11.7,14.79,6
2024-06-30,6801.7,22:55:41,34.8,26.8,30.7,41.3,74,25.5,11.9,15.6,20.37,6
2024-07-01,7215.7,22:56:31,34.1,25.9,30.1,40.4,79,25.8,11.5,11.8,16.9,7
2024-07-02,7314.2,15:02:54,33.6,26.4,29.3,40.5,84,26.1,14.1,14.9,11.43,7
2024-07-03,6851.4,00:00:16,32.9,26.0,29.3,39.9,83,26.0,2.5,16.1,13.37,7
2024-07-04,6098.5,22:51:41,31.6,25.5,28.0,36.7,83,24.7,7.3,11.3,12.44,7
2024-07-05,6321.2,15:09:57,30.4,26.2,27.8,35.9,85,24.9,0.7,16.2,11.26,7
2024-07-06,5964.9,15:05:57,33.0,26.0,28.6,39.3,80,24.7,1.0,15.8,17.96,7
2024-07-07,5649.9,23:19:43,33.5,25.6,28.6,39.5,76,23.7,0.1,14.2,19.6,7
2024-07-08,5791.9,23:03:24,33.2,25.3,28.9,38.7,76,24.0,0.0,11.4,19.23,7
2024-07-09,6019.5,22:59:11,32.4,26.2,29.5,39.7,80,25.6,4.9,11.4,19.36,7
2024-07-10,6443.4,12:42:59,34.1,26.5,30.4,41.9,79,26.2,11.3,14.8,19.57,7
2024-07-11,7493.4,22:53:04,36.4,26.8,31.2,43.2,76,26.2,3.9,21.0,21.61,7
2024-07-12,7081.5,00:01:18,35.3,27.0,30.3,42.1,74,25.1,0.5,23.4,19.09,7
2024-07-13,6498.6,00:00:28,34.3,25.2,29.9,41.0,77,25.2,12.4,11.7,21.97,7
2024-07-14,6875.7,23:19:19,34.9,27.0,31.1,42.3,72,25.3,0.3,8.5,21.69,7
2024-07-15,6938.3,15:19:57,33.2,25.5,30.2,39.4,76,25.3,3.0,21.4,18.42,7
2024-07-16,7472.2,15:15:46,34.3,25.6,30.7,41.4,77,26.1,17.0,15.5,21.57,7
2024-07-17,7307.0,22:57:21,34.7,28.2,31.2,41.7,75,26.2,0.2,13.7,21.42,7
2024-07-18,7031.8,00:00:01,34.7,27.7,31.2,42.0,76,26.3,2.0,12.1,20.21,7
2024-07-19,7380.4,15:15:00,34.4,27.3,30.5,41.2,77,25.8,0.9,12.0,20.47,7
2024-07-20,7232.6,23:01:48,35.1,27.1,31.0,41.7,75,25.8,0.2,13.0,21.72,7
2024-07-21,7133.6,22:56:01,34.8,27.2,31.1,41.6,78,26.6,1.9,16.3,20.35,7
2024-07-22,7064.1,12:35:21,34.6,27.8,31.0,41.3,78,26.4,5.0,10.9,19.04,7
2024-07-23,7112.6,22:53:32,34.8,27.0,30.4,42.9,80,26.4,4.3,14.9,19.98,7
2024-07-24,6985.4,22:40:46,33.7,26.4,29.5,40.5,82,26.0,6.9,9.5,15.43,7
2024-07-25,7104.0,15:03:32,34.7,27.2,30.8,43.0,76,26.0,0.6,11.1,20.44,7
2024-07-26,7002.3,22:40:53,33.0,27.4,29.9,38.9,81,26.1,10.2,13.0,12.59,7
2024-07-27,6970.2,14:39:51,34.0,28.0,30.5,41.7,81,26.7,4.5,16.1,15.63,7
2024-07-28,7182.8,22:39:25,35.1,28.6,31.4,41.3,77,26.7,6.0,15.7,19.1,7
2024-07-29,7743.1,22:49:58,35.7,28.3,31.8,41.6,73,26.0,0.3,15.8,19.83,7
2024-07-30,8032.5,15:26:31,36.4,29.0,32.8,42.6,70,26.3,0.1,13.7,19.84,7
2024-07-31,8175.0,15:17:32,37.1,26.5,31.0,46.2,78,26.5,116.0,17.4,20.27,7
2024-08-01,6554.0,22:55:03,31.2,25.5,28.2,37.5,85,25.3,34.7,17.8,13.72,8
2024-08-02,6459.9,22:49:59,32.2,25.5,28.4,37.0,83,25.2,3.0,17.6,16.91,8
2024-08-03,6377.4,15:18:09,32.4,26.0,28.9,37.5,82,25.5,1.9,20.9,16.73,8
2024-08-04,6323.6,23:22:49,33.5,26.9,29.7,36.8,74,24.4,0.1,25.9,21.03,8
2024-08-05,6489.4,22:58:00,32.6,26.4,29.0,36.3,76,24.3,1.2,31.0,18.6,8
2024-08-06,6669.9,15:09:53,31.8,26.4,29.0,36.0,76,24.3,0.1,14.7,14.77,8
2024-08-07,6240.8,15:12:25,30.1,25.5,27.3,36.4,86,24.7,16.4,11.2,8.84,8
2024-08-08,6246.9,14:50:03,31.5,25.5,27.6,37.1,87,25.1,10.8,12.3,14.96,8
2024-08-09,6532.0,15:18:02,31.8,25.3,27.8,38.7,87,25.2,30.8,8.4,17.13,8
2024-08-10,5812.0,22:55:22,31.3,24.9,27.6,37.8,87,25.2,16.7,9.8,15.67,8
2024-08-11,5651.3,00:00:13,30.9,25.6,27.3,37.0,89,25.2,11.4,11.1,12.93,8
2024-08-12,5598.1,11:40:08,30.0,25.6,26.7,36.5,91,25.1,10.9,13.6,9.98,8
2024-08-13,5962.1,15:18:48,30.8,25.2,27.3,36.7,90,25.4,9.1,15.1,13.55,8
2024-08-14,6322.8,15:11:37,30.7,25.9,28.0,37.1,89,26.0,7.8,10.8,12.98,8
2024-08-15,5904.8,00:01:47,32.2,25.9,28.4,39.7,87,25.9,10.9,14.1,18.67,8
2024-08-16,6558.0,15:13:35,32.3,25.5,27.8,39.1,88,25.5,15.0,15.5,16.88,8
2024-08-17,6232.5,23:30:01,31.9,25.7,28.5,38.6,86,25.7,7.7,9.6,17.16,8
2024-08-18,6391.3,23:09:30,32.7,26.2,29.1,39.2,83,25.7,2.3,14.7,18.96,8
2024-08-19,6270.2,00:00:46,32.7,26.2,29.0,39.7,82,25.4,1.6,17.0,20.04,8
2024-08-20,6105.6,15:10:43,31.6,26.4,28.2,39.8,85,25.4,4.3,12.7,15.71,8
2024-08-21,6531.4,15:11:37,32.0,25.1,28.4,39.9,86,25.6,5.4,8.7,20.4,8
2024-08-22,6890.4,15:22:49,32.8,24.7,28.2,41.9,86,25.5,7.0,10.7,20.91,8
2024-08-23,6230.9,00:00:00,30.7,24.9,27.4,36.6,86,24.8,0.9,10.5,12.93,8
2024-08-24,6110.5,22:58:12,31.5,25.3,28.3,38.2,84,25.3,8.8,16.6,15.82,8
2024-08-25,6024.4,22:45:02,32.2,24.9,28.8,37.1,79,24.6,15.2,22.0,21.05,8
2024-08-26,5989.1,00:00:29,31.6,26.0,28.2,36.2,83,24.8,3.8,22.7,19.26,8
2024-08-27,6171.3,15:33:28,31.2,24.3,27.2,35.6,85,24.4,11.1,24.1,18.99,8
2024-08-28,6160.6,15:21:25,30.3,24.2,26.8,35.8,87,24.4,7.9,16.2,17.06,8
2024-08-29,5578.2,00:00:20,30.9,24.4,26.9,35.8,87,24.5,19.5,19.4,14.4,8
2024-08-30,6235.2,15:26:28,31.3,25.0,27.5,39.2,88,25.3,7.5,9.1,16.53,8
2024-08-31,6279.1,22:43:09,33.3,25.6,29.2,39.1,79,24.9,0.0,13.3,21.44,8
2024-09-01,6569.7,22:56:19,33.5,25.9,29.6,39.8,76,24.8,0.1,13.9,20.92,9
2024-09-02,6325.4,15:17:05,31.5,25.1,28.0,37.5,84,24.9,11.7,14.1,13.71,9
2024-09-03,6678.0,15:05:39,31.6,25.4,27.4,38.3,87,24.9,17.8,13.4,16.25,9
2024-09-04,5796.0,00:00:51,30.8,24.4,27.2,37.2,87,24.7,0.9,10.6,16.26,9
2024-09-05,5730.7,15:18:34,31.6,24.8,27.5,38.5,84,24.4,2.9,12.8,19.82,9
2024-09-06,5815.9,15:11:40,30.6,24.2,26.5,36.2,89,24.5,14.7,15.6,15.36,9
2024-09-07,5551.9,15:06:49,30.4,24.1,26.8,36.9,88,24.5,23.6,11.8,13.35,9
2024-09-08,5167.1,23:00:12,31.3,24.4,27.6,38.4,87,25.1,14.1,10.3,16.43,9
2024-09-09,5797.6,14:54:36,32.7,25.2,28.4,38.9,82,24.7,3.4,13.2,20.12,9
2024-09-10,6192.0,14:49:48,30.7,24.9,27.2,39.1,89,25.2,11.8,11.5,14.03,9
2024-09-11,5742.3,14:32:04,31.7,25.0,27.5,38.9,89,25.5,26.7,16.6,15.07,9
2024-09-12,5323.4,00:00:07,27.2,23.9,25.4,31.6,91,23.9,100.8,24.4,3.41,9
2024-09-13,4936.9,12:27:50,30.0,23.3,25.4,35.4,89,23.5,54.7,22.7,13.41,9
2024-09-14,4701.0,18:57:51,29.9,22.6,26.0,34.2,84,22.9,4.7,18.7,17.6,9
2024-09-15,4694.0,19:26:10,31.2,22.5,26.4,34.9,79,22.3,0.1,19.8,20.44,9
2024-09-16,5096.6,19:20:55,32.1,23.7,27.2,35.2,73,21.6,0.0,17.3,20.96,9
2024-09-17,5546.5,15:41:43,31.5,23.9,27.6,36.0,74,22.4,0.0,11.6,16.07,9
2024-09-18,5245.4,10:46:38,27.7,22.8,24.9,31.7,86,22.4,62.7,17.9,7.92,9
2024-09-19,5053.7,18:46:26,29.8,22.8,26.2,34.3,85,23.4,3.7,15.7,16.27,9
2024-09-20,5424.3,15:53:22,31.1,24.0,27.2,35.7,80,23.3,0.0,12.2,18.75,9
2024-09-21,5403.4,22:36:06,31.6,24.8,27.9,36.9,79,23.8,0.2,9.2,16.21,9
2024-09-22,5704.5,22:36:08,33.1,25.3,29.0,39.2,77,24.4,0.0,6.9,18.88,9
2024-09-23,6456.0,15:16:27,33.3,25.1,28.9,40.1,78,24.6,0.0,10.7,20.12,9
2024-09-24,6779.6,15:22:48,33.6,25.2,29.3,40.9,77,24.6,0.0,6.9,19.65,9
2024-09-25,6754.2,15:06:54,33.0,26.4,29.0,39.0,81,25.4,0.4,16.1,17.94,9
2024-09-26,6310.0,15:33:20,31.4,25.3,27.9,36.7,82,24.4,0.4,13.2,14.75,9
2024-09-27,6051.3,15:40:29,30.9,24.8,27.3,36.4,80,23.4,0.8,16.0,17.57,9
2024-09-28,5381.9,15:06:43,30.5,23.1,26.3,34.4,81,22.6,0.0,11.6,14.26,9
2024-09-29,5466.3,22:41:30,30.7,22.6,26.4,34.7,83,23.1,0.3,10.1,13.82,9
2024-09-30,5991.4,12:33:08,32.7,23.5,27.7,35.9,77,23.1,0.0,15.2,17.95,9
2024-10-01,6084.1,15:23:07,33.2,24.0,28.3,37.7,76,23.5,0.0,14.9,19.34,10
2024-10-02,5827.4,00:00:02,34.6,24.7,28.9,37.7,73,23.0,0.0,17.7,19.49,10
2024-10-03,6161.2,15:30:11,33.9,24.5,28.6,37.4,66,21.3,0.0,18.4,19.57,10
2024-10-04,6161.1,14:49:18,33.5,23.8,28.3,37.4,68,21.6,0.0,13.4,19.2,10
2024-10-05,5865.4,00:01:37,33.6,24.2,28.4,37.0,66,21.2,0.0,17.8,17.84,10
2024-10-06,5743.7,00:00:04,33.6,23.7,27.8,37.1,65,20.4,0.0,15.9,18.34,10
2024-10-07,5711.2,15:40:53,32.4,21.9,26.7,35.9,71,20.6,0.0,9.1,18.52,10
2024-10-08,5644.0,15:16:47,32.5,22.2,27.0,35.6,70,20.5,0.0,10.0,18.08,10
2024-10-09,5462.6,15:22:51,32.2,20.6,26.5,34.6,65,18.9,0.0,14.8,18.26,10
2024-10-10,5346.7,15:43:23,32.3,21.0,26.1,33.2,60,17.2,0.0,13.9,18.26,10
2024-10-11,5091.1,15:36:00,31.7,19.1,25.0,32.1,56,15.3,0.0,13.7,18.47,10
2024-10-12,4293.1,00:00:05,32.0,19.1,25.3,33.1,61,16.6,0.0,10.6,18.31,10
2024-10-13,4405.5,18:18:15,32.1,19.7,26.0,33.1,57,15.9,0.0,8.7,17.96,10
2024-10-14,4757.8,18:24:41,31.8,20.5,25.7,32.9,55,15.5,0.0,10.4,17.82,10
2024-10-15,4746.2,18:18:02,31.9,19.4,25.2,32.6,57,15.5,0.0,13.1,17.71,10
2024-10-16,4885.3,18:52:56,32.4,19.6,25.7,33.4,57,16.1,0.0,9.0,16.28,10
2024-10-17,4896.3,18:27:31,32.8,20.6,26.3,35.6,63,18.1,0.0,9.2,16.9,10
2024-10-18,5041.4,17:59:47,33.4,20.1,26.1,35.8,65,18.2,0.0,10.1,17.11,10
2024-10-19,4752.2,18:30:49,33.7,21.0,26.8,36.4,63,18.6,0.0,9.9,16.98,10
2024-10-20,4675.3,18:29:26,33.0,20.2,26.5,35.1,68,19.2,0.0,10.5,16.44,10
2024-10-21,5097.4,18:13:24,32.3,20.0,25.6,35.5,70,19.2,0.0,9.1,16.52,10
2024-10-22,4974.0,15:37:46,31.5,20.1,25.6,33.3,67,18.5,0.0,9.5,16.45,10
2024-10-23,4944.0,18:13:27,32.1,20.1,26.1,32.2,61,17.2,0.0,17.5,16.22,10
2024-10-24,4906.7,17:58:54,32.6,20.2,25.5,33.7,59,16.6,0.0,14.8,16.38,10
2024-10-25,4802.2,18:08:34,32.1,19.1,25.0,32.5,61,16.4,0.0,17.9,16.3,10
2024-10-26,4484.4,18:15:30,31.6,19.0,24.6,32.5,66,17.3,0.0,13.2,16.13,10
2024-10-27,4259.3,18:18:12,31.1,20.4,25.2,33.9,74,19.6,0.0,8.5,15.78,10
2024-10-28,4858.5,18:14:46,31.4,21.0,25.7,33.7,71,19.5,0.0,10.9,15.62,10
2024-10-29,4916.8,18:26:06,32.9,20.6,26.4,35.9,70,19.9,0.0,8.9,15.47,10
2024-10-30,4796.2,11:50:39,34.3,21.3,27.0,36.1,65,18.8,0.0,12.4,15.43,10
2024-10-31,3899.2,18:07:04,32.8,20.8,26.1,32.8,63,17.6,0.0,18.0,15.26,10
2024-11-01,3559.0,18:38:16,32.0,19.3,24.9,30.2,53,13.7,0.0,17.6,15.67,11
2024-11-02,3507.8,18:15:26,31.7,17.7,24.4,32.2,54,13.9,0.0,10.7,15.13,11
2024-11-03,3595.2,18:23:30,31.3,18.2,24.4,31.0,54,13.6,0.0,9.3,15.22,11
2024-11-04,3849.9,15:03:41,30.4,17.5,23.7,31.2,62,15.4,0.0,9.5,14.91,11
2024-11-05,4210.5,18:06:06,29.4,18.1,23.4,31.9,71,17.4,0.0,10.5,14.54,11
2024-11-06,4234.0,18:09:48,30.2,18.1,23.9,31.5,67,16.9,0.0,8.9,14.44,11
2024-11-07,4131.9,12:11:33,30.1,19.0,24.2,31.7,67,17.1,0.0,7.4,14.22,11
2024-11-08,4259.4,18:03:10,30.3,19.0,24.6,32.4,66,17.5,0.0,8.1,14.14,11
2024-11-09,4111.5,18:03:17,30.6,19.7,24.5,32.0,68,17.6,0.0,11.4,13.8,11
2024-11-10,3881.3,18:16:26,30.2,19.3,24.3,31.9,69,17.9,0.0,9.6,13.92,11
2024-11-11,4213.0,17:57:43,29.8,18.5,23.9,31.9,74,18.5,0.0,8.0,13.72,11
2024-11-12,4208.3,18:22:04,31.2,19.0,24.9,31.2,60,15.2,0.0,15.0,13.91,11
2024-11-13,4062.5,18:00:08,30.0,18.8,24.1,29.2,56,14.0,0.0,10.5,13.99,11
2024-11-14,4006.6,18:03:03,30.0,19.0,24.1,29.7,55,13.6,0.0,9.6,13.53,11
2024-11-15,3989.1,11:05:27,29.0,18.7,23.7,27.4,51,12.3,0.0,12.6,13.59,11
2024-11-16,3737.4,10:22:25,28.8,17.6,23.3,27.7,55,13.0,0.0,10.5,13.36,11
2024-11-17,3657.9,11:43:19,28.5,18.0,22.9,28.1,58,13.7,0.0,8.9,13.2,11
2024-11-18,3828.5,10:56:28,26.4,15.9,20.8,25.3,60,12.0,0.0,7.8,13.46,11
2024-11-19,3898.7,10:51:32,25.9,14.2,20.1,23.8,51,8.8,0.0,8.7,13.52,11
2024-11-20,3949.1,10:59:32,25.9,13.6,19.8,23.7,50,8.1,0.0,8.3,13.56,11
2024-11-21,3878.2,10:35:53,25.8,13.6,19.7,23.8,51,8.5,0.0,7.7,13.41,11
2024-11-22,4016.1,09:50:30,26.3,14.0,20.3,24.8,54,10.0,0.0,7.0,13.12,11
2024-11-23,3683.9,10:54:25,27.5,14.1,20.9,25.9,51,9.4,0.0,6.0,12.98,11
2024-11-24,3686.9,10:48:35,27.7,15.7,21.4,25.5,48,9.4,0.0,10.6,13.0,11
2024-11-25,3853.9,11:10:44,25.9,15.1,20.6,24.5,57,11.4,0.0,11.0,13.0,11
2024-11-26,3851.9,10:56:33,25.6,13.9,19.7,23.5,56,9.7,0.0,10.4,12.96,11
2024-11-27,3834.8,10:00:41,26.0,13.6,19.8,23.9,49,7.9,0.0,8.1,12.97,11
2024-11-28,3855.5,10:43:40,25.5,12.8,19.4,23.4,50,8.0,0.0,6.5,13.02,11
2024-11-29,4067.1,10:30:13,24.6,12.5,18.9,23.7,59,10.1,0.0,5.1,12.69,11
2024-11-30,3849.9,10:16:53,24.9,12.4,18.9,23.2,60,10.2,0.0,8.0,12.54,11
2024-12-01,3838.9,10:50:45,24.8,14.0,19.4,23.5,61,11.2,0.0,8.1,12.36,12
2024-12-02,3940.6,10:30:42,25.8,13.3,19.5,24.2,58,10.2,0.0,7.1,12.52,12
2024-12-03,3906.2,10:34:39,26.5,13.5,20.1,24.3,56,10.3,0.0,10.7,12.42,12
2024-12-04,4020.1,09:59:15,25.6,15.2,20.1,23.1,50,8.8,0.0,14.2,12.47,12
2024-12-05,3932.2,10:51:27,23.6,12.0,17.8,20.1,45,4.8,0.0,12.7,12.9,12
2024-12-06,4159.4,10:32:00,23.5,11.3,17.5,20.9,47,5.7,0.0,12.0,12.62,12
2024-12-07,3914.7,10:44:14,23.1,9.7,16.9,20.4,44,3.4,0.0,5.0,12.77,12
2024-12-08,4011.9,10:51:54,22.3,11.0,16.1,19.6,56,6.9,1.5,13.1,11.88,12
2024-12-09,4124.6,10:28:24,20.2,10.4,15.3,19.3,65,8.4,0.0,8.7,12.25,12
2024-12-10,4170.8,09:57:08,20.1,9.8,14.5,16.2,53,3.8,0.0,13.0,12.66,12
2024-12-11,4269.6,09:59:10,20.2,8.2,13.9,16.8,47,2.3,0.0,10.5,12.77,12
2024-12-12,4246.4,10:29:04,20.5,7.7,14.2,17.3,52,3.9,0.0,10.1,12.69,12
2024-12-13,4570.3,10:49:50,20.6,9.2,14.8,16.6,48,3.1,0.0,15.1,12.81,12
2024-12-14,4367.5,09:48:12,20.7,8.6,14.6,17.3,44,2.2,0.0,12.5,12.66,12
2024-12-15,4369.6,10:59:38,21.1,7.3,14.3,18.5,51,3.6,0.0,6.5,12.7,12
2024-12-16,4439.4,09:58:58,21.0,7.0,14.2,19.5,67,7.5,0.0,5.9,12.47,12
2024-12-17,4493.2,10:01:12,20.6,7.7,14.2,19.6,74,8.9,0.0,4.4,11.21,12
2024-12-18,4774.1,10:23:06,20.9,7.6,14.0,19.3,69,7.6,0.0,7.2,12.18,12
2024-12-19,4674.6,09:59:17,20.8,8.0,14.5,18.4,62,6.5,0.0,8.3,12.34,12
2024-12-20,4923.9,10:27:43,23.2,10.2,16.2,21.3,62,8.0,0.0,6.5,12.04,12
2024-12-21,4500.8,10:29:36,22.1,9.2,15.5,19.9,65,8.0,0.0,7.3,12.23,12
2024-12-22,4485.9,10:50:50,22.5,10.5,16.3,20.7,60,7.7,0.0,7.2,12.27,12
2024-12-23,4688.2,10:59:29,17.6,11.6,14.5,16.0,68,8.7,1.4,10.1,5.59,12
2024-12-24,4802.6,09:58:34,18.7,11.4,14.7,17.9,77,10.4,0.5,8.9,8.92,12
2024-12-25,4896.3,10:35:11,20.6,10.8,15.1,19.5,78,10.8,0.0,7.6,11.76,12
2024-12-26,4631.6,10:31:16,22.6,9.9,16.1,21.7,68,9.4,0.0,4.8,12.08,12
2024-12-27,4730.4,10:59:49,17.1,13.8,15.1,16.7,84,12.4,29.9,11.3,4.15,12
2024-12-28,4730.0,11:00:49,18.1,12.3,14.9,18.5,89,13.1,4.6,7.8,5.94,12
2024-12-29,4725.8,10:40:48,18.3,10.6,13.7,17.4,86,11.3,0.0,9.6,11.23,12
2024-12-30,5045.7,10:45:33,18.1,9.6,12.7,17.5,87,10.5,0.0,11.0,11.02,12
2024-12-31,5213.1,10:50:27,16.1,7.5,11.3,15.5,89,9.4,0.0,5.1,10.22,12
2025-01-01,5655.8,11:44:08,16.8,7.7,11.1,16.1,89,9.3,0.0,9.4,11.0,1
2025-01-02,5221.3,10:54:22,18.2,8.5,12.4,17.4,85,9.8,0.0,10.1,12.23,1
2025-01-03,5637.7,10:26:53,19.6,8.6,12.8,19.7,86,10.3,0.0,6.1,11.18,1
2025-01-04,5105.4,10:27:58,21.1,8.4,13.5,22.2,89,11.5,0.0,7.3,11.72,1
2025-01-05,5240.6,11:00:41,18.1,9.2,12.4,18.1,90,10.7,0.0,9.1,11.33,1
2025-01-06,5307.9,10:30:53,18.0,8.8,13.0,17.9,89,11.1,4.9,9.3,11.73,1
2025-01-07,5440.4,10:45:11,17.5,10.2,13.0,16.5,88,11.0,0.0,13.8,8.92,1
2025-01-08,5429.0,10:41:27,18.4,8.7,12.7,16.3,75,8.1,0.0,11.1,13.07,1
2025-01-09,5133.0,09:59:26,18.7,8.0,12.8,18.2,77,8.6,0.0,4.9,13.04,1
2025-01-10,5549.0,10:28:47,17.9,7.9,12.1,17.3,85,9.5,0.0,6.4,12.5,1
2025-01-11,5151.2,10:45:05,16.8,8.0,12.2,17.3,88,10.1,3.9,14.1,8.96,1
2025-01-12,5157.7,11:00:17,18.0,9.8,13.2,18.3,87,11.1,0.1,6.2,10.82,1
2025-01-13,5481.2,10:48:15,19.0,9.2,13.4,18.6,86,10.8,0.0,8.6,13.0,1
2025-01-14,5596.7,10:08:28,18.2,8.7,13.2,18.0,83,10.2,0.0,8.1,13.4,1
2025-01-15,5550.9,10:43:25,18.4,9.1,13.0,18.1,87,10.8,2.9,6.3,11.87,1
2025-01-16,5265.9,10:55:20,18.0,11.1,13.9,17.8,84,11.0,0.7,6.2,10.14,1
2025-01-17,5601.3,09:59:14,18.9,9.2,13.2,18.1,81,9.7,0.0,9.3,13.87,1
2025-01-18,5109.0,10:25:03,17.8,7.8,12.3,17.6,86,9.9,0.0,8.6,11.48,1
2025-01-19,4981.7,10:36:14,21.3,8.9,14.6,22.0,86,12.1,0.0,5.5,12.18,1
2025-01-20,4831.2,09:55:56,21.9,11.7,16.3,22.1,83,13.3,0.0,10.2,13.64,1
2025-01-21,4755.4,09:45:54,21.9,11.1,16.0,21.5,78,11.9,0.0,10.0,14.03,1
2025-01-22,4829.5,09:51:27,22.8,10.4,16.2,22.7,75,11.4,0.0,6.6,13.85,1
2025-01-23,4548.4,09:55:46,21.9,11.7,16.3,20.6,71,10.4,1.6,11.1,14.29,1
2025-01-24,4840.3,10:33:24,20.9,10.4,14.9,18.9,67,8.5,0.0,12.9,14.76,1
2025-01-25,4560.3,10:26:08,20.8,9.0,14.2,18.6,63,6.8,0.0,11.6,15.17,1
2025-01-26,4054.6,09:54:59,21.0,8.2,14.1,19.1,62,6.4,0.0,10.1,15.35,1
2025-01-27,4599.3,09:40:11,21.5,7.8,14.4,19.0,62,6.4,0.0,9.5,15.42,1
2025-01-28,4673.6,10:33:43,22.9,8.0,15.3,20.6,58,6.2,0.0,8.3,15.54,1
2025-01-29,4708.0,10:00:40,24.0,10.2,16.6,21.8,63,8.6,0.0,9.7,15.15,1
2025-01-30,4599.3,10:00:35,24.8,11.3,17.7,23.7,66,10.5,0.0,7.6,15.06,1
2025-01-31,4791.1,10:13:54,26.3,12.1,18.8,24.9,65,10.6,0.0,8.1,14.59,1
2025-02-01,4434.3,10:10:03,25.5,12.7,19.1,24.3,63,11.0,0.0,15.6,14.61,2
2025-02-02,4629.4,10:57:17,23.6,13.7,17.9,22.4,70,11.7,0.0,11.3,15.33,2
2025-02-03,4588.0,10:00:22,22.8,10.8,16.4,21.2,66,9.2,1.7,6.5,15.91,2
2025-02-04,4530.6,09:57:08,22.9,13.0,17.6,23.4,70,11.8,0.7,8.9,10.86,2
2025-02-05,4058.2,10:02:11,21.4,11.9,16.2,19.4,68,9.4,0.3,12.0,16.29,2
2025-02-06,4328.2,09:59:21,21.1,11.4,15.9,17.7,51,5.3,0.0,16.8,16.69,2
2025-02-07,4657.2,10:10:40,20.8,10.6,15.3,17.7,52,5.1,0.0,17.3,16.68,2
2025-02-08,4411.4,09:58:43,23.3,11.1,16.7,20.7,52,6.2,0.0,12.6,16.42,2
2025-02-09,4332.4,09:46:28,25.2,10.8,17.8,23.3,59,8.5,0.0,8.1,16.51,2
2025-02-10,4311.0,09:45:40,27.2,11.7,19.2,24.9,59,9.2,0.0,7.1,16.16,2
2025-02-11,4236.6,09:58:28,27.9,12.3,20.3,27.3,60,11.1,0.0,9.5,16.45,2
2025-02-12,4547.6,10:55:20,25.3,13.6,19.2,22.4,51,7.9,0.0,16.2,17.27,2
2025-02-13,4254.0,10:25:48,23.6,13.7,18.3,20.8,47,6.3,0.0,16.1,17.58,2
2025-02-14,4258.2,09:43:28,24.6,12.3,18.5,21.8,42,5.0,0.0,14.1,17.28,2
2025-02-15,4130.1,10:45:03,25.6,13.0,19.9,24.2,46,7.0,0.0,10.3,17.04,2
2025-02-16,4143.6,10:58:47,26.6,13.5,20.4,25.7,52,9.4,0.0,8.4,16.12,2
2025-02-17,4111.5,10:59:51,28.8,16.2,21.7,27.7,52,9.6,0.0,7.9,17.28,2
2025-02-18,4152.9,10:00:44,26.4,16.8,20.9,25.1,53,10.3,0.0,9.6,12.48,2
2025-02-19,4186.9,10:18:35,27.0,14.2,20.6,25.1,51,9.1,1.0,8.5,16.47,2
2025-02-20,4151.8,10:25:24,23.7,15.1,19.0,22.1,69,12.9,7.1,16.6,14.55,2
2025-02-21,4245.0,10:15:22,25.1,13.7,19.0,26.3,71,13.0,0.4,11.2,17.3,2
2025-02-22,3957.9,09:52:34,23.9,13.5,18.3,22.5,66,11.1,0.0,11.9,17.54,2
2025-02-23,4046.5,09:41:39,25.1,13.3,18.9,24.7,62,10.7,0.0,9.1,18.53,2
2025-02-24,4059.1,09:53:53,26.9,13.3,20.1,25.5,57,9.8,0.0,10.3,18.8,2
2025-02-25,4110.0,10:29:21,28.1,14.4,21.4,27.4,54,10.2,0.0,7.4,17.29,2
2025-02-26,4322.6,10:13:26,30.1,17.9,23.7,30.6,55,13.4,0.0,8.9,16.92,2
2025-02-27,3971.2,10:50:26,23.4,19.1,21.1,24.1,70,15.3,1.0,17.1,6.7,2
2025-02-28,4347.9,09:55:45,23.4,18.2,20.0,24.4,73,15.0,3.3,12.9,10.39,2
2025-03-01,3904.0,10:22:14,24.1,15.5,19.5,26.6,81,16.0,7.7,15.8,15.23,3
2025-03-02,3840.5,10:47:03,24.6,15.4,19.1,23.7,67,12.0,0.0,13.2,19.97,3
2025-03-03,3912.9,10:18:06,26.9,12.8,19.8,27.2,59,10.8,0.0,7.8,18.94,3
2025-03-04,3938.9,09:41:35,24.4,15.6,19.8,24.3,60,11.4,0.0,17.0,18.39,3
2025-03-05,4072.9,10:03:13,22.8,12.6,17.8,18.8,45,5.1,0.0,22.7,20.8,3
2025-03-06,3999.7,09:57:36,26.6,12.8,19.6,24.2,41,5.5,0.0,14.2,20.82,3
2025-03-07,4218.6,11:47:03,28.4,12.5,20.9,27.0,44,6.7,0.0,9.5,20.62,3
2025-03-08,3841.8,10:27:04,30.1,14.6,22.4,28.3,43,8.1,0.0,12.0,20.88,3
2025-03-09,3796.2,10:11:00,31.8,16.8,24.7,31.1,43,10.1,0.0,11.9,20.48,3
2025-03-10,3968.4,09:54:59,31.7,19.0,25.2,31.4,46,11.9,0.0,13.5,20.02,3
2025-03-11,3998.0,10:50:06,34.4,19.5,26.9,35.1,46,12.8,0.0,7.1,18.59,3
2025-03-12,4011.8,10:50:05,32.9,19.8,26.4,32.7,50,13.9,0.0,12.2,20.13,3
2025-03-13,4029.8,12:20:33,32.0,21.0,25.2,33.3,53,14.5,5.9,14.8,19.23,3
2025-03-14,2823.6,17:29:59,33.2,19.0,25.7,33.2,51,13.2,0.0,13.6,20.05,3
2025-03-15,3318.8,11:00:17,30.3,19.0,24.1,31.3,55,13.9,0.5,15.0,19.14,3
2025-03-16,3485.8,11:15:11,29.9,18.0,23.7,30.7,48,10.9,0.1,12.9,20.52,3
2025-03-17,3775.3,10:18:50,28.3,17.6,23.1,26.8,44,9.7,0.0,14.0,20.6,3
2025-03-18,3871.3,10:43:55,29.9,17.1,23.6,28.9,43,9.4,0.0,11.8,22.07,3
2025-03-19,3952.4,10:28:57,32.3,17.7,25.2,31.3,37,8.2,0.0,11.9,21.79,3
2025-03-20,4022.2,11:14:05,33.0,19.1,26.2,31.5,32,6.9,0.0,13.9,21.35,3
2025-03-21,4104.2,10:45:41,32.0,19.4,25.4,30.0,32,6.5,0.0,15.5,21.73,3
2025-03-22,3784.6,10:57:03,31.3,18.0,25.2,29.5,33,6.8,0.0,16.1,20.83,3
2025-03-23,3683.2,11:25:39,32.7,18.5,26.0,32.0,34,7.4,0.0,10.3,22.59,3
2025-03-24,4069.6,11:41:13,33.9,20.0,27.2,33.4,32,7.6,0.0,8.5,22.54,3
2025-03-25,4099.4,18:59:05,36.4,20.9,28.7,36.2,32,8.2,0.0,9.7,22.61,3
2025-03-26,4285.0,18:56:51,37.9,21.8,30.0,37.3,29,7.7,0.0,12.2,22.74,3
2025-03-27,4361.0,19:05:32,36.2,24.1,30.1,35.5,27,8.5,0.0,12.8,22.51,3
2025-03-28,4302.0,11:43:13,31.0,21.8,26.1,28.8,25,3.2,0.0,15.5,23.75,3
2025-03-29,3640.3,18:59:43,28.9,16.2,23.0,25.7,22,-0.3,0.0,15.2,21.41,3
2025-03-30,3776.6,12:41:27,31.5,17.5,24.8,29.2,22,0.9,0.0,12.6,23.7,3
2025-03-31,3706.8,18:58:17,33.9,17.6,26.2,32.0,21,1.3,0.0,13.5,23.92,3
2025-04-01,3918.6,18:55:27,33.3,19.0,26.5,31.0,21,1.0,0.0,13.6,24.1,4
2025-04-02,4052.0,18:55:01,35.7,18.6,27.7,33.9,22,2.2,0.0,11.8,23.92,4
2025-04-03,4185.8,17:02:02,37.4,20.4,29.6,35.5,19,0.8,0.0,9.4,22.19,4
2025-04-04,4306.1,11:16:01,37.0,21.7,30.1,35.5,18,1.8,0.0,14.2,23.68,4
2025-04-05,4048.8,19:24:38,35.2,22.0,29.0,33.5,22,4.4,0.0,13.8,23.88,4
2025-04-06,3953.9,19:20:03,38.1,22.0,30.5,37.0,22,5.0,0.0,10.3,23.9,4
2025-04-07,4755.6,17:06:22,39.9,24.4,32.5,39.8,22,7.0,0.0,7.6,23.54,4
2025-04-08,5028.7,15:30:50,39.9,25.2,32.8,39.5,22,7.3,0.0,9.7,23.47,4
2025-04-09,5462.4,15:27:57,40.7,26.1,33.5,41.6,25,9.9,0.0,12.5,22.2,4
2025-04-10,5277.9,15:16:16,38.9,26.6,31.5,40.3,33,12.1,1.4,23.3,19.13,4
2025-04-11,5101.6,15:31:22,34.2,22.5,26.3,36.3,60,17.5,8.1,25.8,21.01,4
2025-04-12,4300.3,19:19:41,34.8,20.5,26.3,36.2,57,15.9,1.1,9.9,22.3,4
2025-04-13,4173.1,23:40:33,35.3,21.1,28.3,36.1,47,14.5,0.0,5.6,23.2,4
2025-04-14,4670.5,15:45:29,35.6,22.3,29.3,36.9,42,14.0,0.0,10.1,23.64,4
2025-04-15,5156.5,15:34:07,36.6,24.7,30.8,37.6,37,13.9,0.0,10.0,22.52,4
2025-04-16,5435.8,15:32:36,38.2,25.6,32.2,39.5,34,13.4,0.0,9.5,22.63,4
2025-04-17,5699.3,15:14:51,40.5,26.2,33.3,40.5,32,12.9,0.0,15.8,22.06,4
2025-04-18,5613.0,15:32:33,40.8,25.7,32.9,42.6,40,16.1,0.0,15.9,23.56,4
2025-04-19,5489.1,15:34:03,39.9,27.4,32.6,40.0,41,16.2,0.0,19.7,22.31,4
2025-04-20,5635.4,23:23:16,40.0,27.0,33.1,39.9,37,14.7,0.0,17.4,22.25,4
2025-04-21,5764.3,15:00:55,40.4,26.3,33.8,38.9,23,5.0,0.0,11.9,24.24,4
2025-04-22,5581.1,16:10:06,39.5,24.6,32.6,36.9,10,-3.6,0.0,12.2,25.46,4
2025-04-23,5645.4,15:38:57,39.2,23.8,32.2,36.4,11,-2.4,0.0,13.7,25.33,4
2025-04-24,5737.3,15:46:57,40.4,24.4,32.8,38.2,11,-2.7,0.0,15.3,25.25,4
2025-04-25,5780.4,15:45:46,41.6,25.3,33.8,39.1,13,-0.4,0.0,14.3,24.96,4
2025-04-26,5549.6,00:00:17,41.5,26.0,34.3,39.7,13,0.6,0.0,18.8,22.22,4
2025-04-27,5710.1,23:29:23,40.8,28.3,34.5,39.4,14,1.5,0.0,11.2,23.66,4
2025-04-28,6014.8,15:30:05,41.1,26.5,33.0,40.2,20,5.8,0.0,17.3,23.66,4
2025-04-29,5760.3,00:00:04,37.5,25.0,31.3,38.7,35,13.0,0.0,15.0,23.63,4
2025-04-30,6000.2,15:36:07,36.8,26.3,31.5,38.2,37,14.3,0.0,12.3,21.48,4
2025-05-01,6108.4,15:33:45,37.6,25.9,31.8,38.5,36,14.0,0.0,14.7,20.33,5
2025-05-02,5870.8,00:00:35,28.6,21.7,26.2,31.5,65,18.8,12.4,13.3,13.83,5
2025-05-03,4708.6,23:14:49,35.4,24.0,28.3,38.1,54,17.5,3.4,12.3,19.88,5
2025-05-04,4828.9,23:33:19,34.8,24.4,29.9,38.5,49,17.7,2.0,11.5,18.7,5
2025-05-05,4879.3,15:14:52,35.6,24.2,28.5,37.3,58,18.6,0.1,13.4,19.94,5
2025-05-06,5112.7,15:25:48,34.4,22.2,27.4,36.0,62,18.9,0.4,19.3,19.72,5
2025-05-07,5424.7,14:58:34,33.3,23.7,27.8,35.2,62,19.3,0.5,10.7,20.03,5
2025-05-08,5507.3,15:28:23,32.4,23.9,28.3,34.9,61,19.6,2.7,11.6,19.3,5
2025-05-09,5764.7,15:31:00,37.1,25.1,30.7,39.4,49,18.1,1.1,9.8,21.54,5
2025-05-10,5551.4,00:01:00,37.1,26.6,30.9,40.3,52,19.3,1.5,18.2,18.65,5
2025-05-11,5224.1,23:44:43,38.2,25.1,31.7,39.8,49,18.3,0.0,14.0,22.56,5
2025-05-12,5839.1,23:11:15,39.6,25.5,33.0,39.6,35,14.0,0.0,13.5,22.97,5
2025-05-13,6401.5,15:15:17,41.3,28.1,34.7,40.3,24,10.5,0.0,18.7,22.72,5
2025-05-14,6168.3,15:26:05,41.2,28.5,35.3,40.3,21,9.0,0.0,16.2,23.55,5
2025-05-15,6473.9,23:27:52,41.9,29.7,36.2,41.0,21,9.2,0.0,12.2,23.94,5
2025-05-16,6867.2,15:17:21,42.7,28.8,35.8,40.8,24,11.1,0.0,18.1,22.67,5
2025-05-17,6238.1,14:36:09,42.8,29.2,35.7,42.1,28,13.4,0.0,19.7,21.19,5
2025-05-18,6851.2,23:19:14,42.1,29.5,35.2,42.7,31,14.7,0.0,14.4,22.54,5
2025-05-19,7264.7,15:29:28,42.0,28.2,34.5,45.0,45,19.9,0.0,12.8,22.12,5
2025-05-20,7532.7,22:54:08,42.6,28.0,34.9,44.0,45,19.8,0.0,20.6,22.26,5
2025-05-21,7748.2,15:29:45,43.0,29.8,34.8,44.6,45,19.8,0.0,22.6,22.06,5
2025-05-22,6296.8,23:19:39,37.0,25.0,31.4,40.1,55,20.9,0.0,14.7,22.63,5
2025-05-23,6658.4,15:41:58,38.2,26.4,32.3,41.4,52,20.5,1.5,14.0,22.91,5
2025-05-24,6850.8,23:36:16,37.7,28.5,33.4,41.3,48,20.7,0.4,16.8,20.96,5
2025-05-25,6796.1,00:03:14,31.2,23.0,28.4,35.6,66,21.2,0.4,16.2,15.35,5
2025-05-26,6108.2,23:15:44,35.7,24.1,29.8,39.8,65,21.9,1.8,15.6,21.24,5
2025-05-27,6690.4,22:55:27,36.1,26.2,31.2,40.9,62,22.4,0.0,8.8,22.65,5
2025-05-28,7014.8,22:53:38,39.5,27.4,33.2,44.3,55,22.0,0.0,11.3,22.06,5
2025-05-29,7360.2,15:21:36,40.1,27.6,33.6,43.1,52,21.1,0.3,8.8,18.07,5
2025-05-30,6303.8,00:00:39,36.1,27.1,31.6,38.5,49,19.1,0.0,13.2,14.62,5
2025-05-31,6390.6,15:23:49,39.7,26.1,31.9,42.5,48,18.1,1.0,14.4,20.15,5
2025-06-01,5725.5,15:24:44,37.3,26.4,31.0,39.4,48,17.9,4.2,18.6,15.49,6
2025-06-02,5893.1,14:45:28,37.1,24.1,30.9,39.7,48,17.9,0.3,10.3,20.22,6
2025-06-03,5547.8,00:00:03,34.6,25.8,30.2,36.1,46,16.9,0.0,12.3,16.63,6
2025-06-04,5507.7,14:56:09,36.4,24.5,28.8,39.8,55,18.3,0.3,19.8,19.4,6
2025-06-05,5499.0,00:00:00,37.2,24.4,30.9,38.9,46,16.8,0.0,9.4,23.03,6
2025-06-06,6169.4,15:45:24,37.8,25.9,32.7,39.3,40,16.7,0.0,10.2,22.43,6
2025-06-07,6633.6,23:10:47,41.2,28.0,34.7,43.0,37,17.2,0.0,10.4,22.68,6
2025-06-08,7086.3,23:20:08,42.8,29.6,36.6,44.4,35,17.8,0.0,14.6,22.91,6
2025-06-09,7387.8,23:13:53,43.7,30.0,37.5,44.2,29,14.9,0.0,16.5,23.99,6
2025-06-10,7244.9,00:00:29,43.1,30.1,37.4,42.7,22,11.5,0.0,14.4,24.15,6
2025-06-11,8231.5,22:55:45,43.6,30.1,37.1,45.1,32,16.7,0.0,11.6,23.82,6
2025-06-12,8441.8,23:09:34,43.1,31.1,36.8,46.4,45,22.2,0.5,11.7,22.15,6
2025-06-13,8438.0,14:47:39,41.1,31.3,36.0,45.6,48,23.0,0.0,13.4,21.56,6
2025-06-14,7966.4,23:09:40,42.9,30.6,36.2,46.6,47,22.1,0.3,13.5,21.86,6
2025-06-15,7828.9,00:00:32,37.9,29.6,33.8,42.7,53,22.7,1.3,18.5,18.05,6
2025-06-16,7178.9,00:00:41,32.0,24.8,29.4,39.2,81,25.6,25.6,13.8,12.21,6
2025-06-17,7057.2,14:11:43,33.7,25.2,29.1,41.4,82,25.5,16.9,11.1,20.43,6
2025-06-18,6517.1,23:15:45,33.2,24.0,28.9,40.5,79,24.5,5.3,7.8,21.28,6
2025-06-19,6941.1,23:23:21,32.7,27.0,29.7,38.4,77,25.1,0.1,9.9,19.62,6
2025-06-20,6780.4,00:00:04,31.7,25.5,28.7,37.6,84,25.6,1.2,13.8,13.51,6
2025-06-21,7001.1,23:14:32,34.7,26.2,30.4,41.5,77,25.6,1.6,7.3,21.43,6
2025-06-22,6863.0,23:12:56,34.0,28.0,31.0,40.9,74,25.7,0.8,8.1,18.51,6
2025-06-23,7539.4,15:10:34,35.7,27.8,31.5,42.8,74,25.8,0.1,8.6,20.98,6
2025-06-24,7177.1,14:37:04,36.1,27.3,31.2,43.7,75,26.0,1.1,7.6,19.92,6
2025-06-25,7103.7,15:09:50,32.1,26.5,29.1,37.8,84,26.0,12.9,12.0,11.13,6
2025-06-26,7459.7,15:02:03,34.5,26.0,30.6,40.9,76,25.7,11.5,11.6,21.81,6
2025-06-27,7631.9,15:03:29,33.7,27.7,30.7,40.9,75,25.7,0.5,8.8,20.36,6
2025-06-28,7472.9,00:00:37,35.8,25.6,30.8,42.7,74,25.3,8.3,8.5,21.55,6
2025-06-29,6469.7,00:00:04,33.4,26.1,29.5,39.2,79,25.3,16.2,12.4,12.75,6
2025-06-30,5897.1,15:11:13,31.7,25.4,27.8,39.5,87,25.3,17.3,10.1,14.18,6
2025-07-01,6506.4,23:10:38,33.2,25.0,28.7,39.1,84,25.4,9.1,10.1,17.12,7
2025-07-02,7178.2,22:52:32,33.2,26.9,29.9,39.8,81,26.1,1.1,10.3,20.73,7
2025-07-03,7409.7,23:14:39,33.5,26.6,30.1,40.3,78,25.6,0.9,11.0,21.0,7
2025-07-04,7165.7,00:00:13,34.2,26.7,30.3,42.2,78,25.8,0.3,8.4,21.78,7
2025-07-05,7170.2,22:47:54,35.2,26.5,30.9,43.1,77,26.0,3.4,7.1,21.16,7
2025-07-06,7148.0,23:15:06,35.7,26.7,31.0,43.2,74,25.5,7.4,8.1,20.22,7
2025-07-07,6875.2,00:00:46,33.2,25.9,29.0,41.3,83,25.7,13.5,6.6,16.78,7
2025-07-08,7535.9,22:56:14,34.0,27.1,30.9,40.7,76,25.9,0.0,9.2,20.46,7
2025-07-09,7202.7,15:17:41,31.7,27.0,29.2,38.2,82,25.7,14.9,10.2,13.39,7
2025-07-10,5972.6,17:57:13,29.6,25.6,27.5,35.7,85,24.7,3.6,8.5,12.05,7
2025-07-11,6232.8,15:31:03,31.6,25.6,28.4,38.3,83,24.9,0.4,4.2,14.5,7
2025-07-12,6275.2,15:02:35,33.5,26.5,29.3,41.9,80,25.2,2.7,9.3,21.64,7
2025-07-13,5733.4,00:00:11,32.5,26.3,28.2,39.5,87,25.7,18.6,11.0,17.76,7
2025-07-14,6197.3,15:25:45,30.5,25.8,28.0,35.8,85,25.3,17.6,18.7,16.86,7
2025-07-15,6258.4,15:00:26,32.2,25.6,28.0,36.9,84,24.9,7.3,17.2,17.12,7
2025-07-16,6397.0,15:35:39,32.3,25.3,28.7,39.0,83,25.4,8.2,11.8,17.6,7
2025-07-17,6323.5,15:21:05,31.1,26.8,28.5,36.2,82,25.0,1.4,12.9,14.14,7
2025-07-18,6196.8,15:16:33,31.6,26.4,28.5,37.4,80,24.6,4.1,18.3,20.13,7
2025-07-19,5957.5,15:25:01,32.2,25.8,29.0,37.1,77,24.2,0.0,16.6,20.26,7
2025-07-20,6547.4,22:48:28,34.3,26.1,30.1,40.1,73,24.4,0.0,8.8,22.13,7
2025-07-22,5949.1,22:52:57,34.8,26.0,30.1,41.4,74,24.5,0.2,9.0,21.27,7
2025-07-23,6055.4,22:53:13,33.2,27.0,29.8,40.1,78,25.4,1.2,10.5,18.89,7
2025-07-24,7009.3,22:57:32,35.5,25.4,30.7,41.3,72,24.7,1.5,11.8,22.09,7
2025-07-25,7568.8,15:11:42,36.3,26.6,31.8,41.7,68,24.7,0.5,10.6,21.24,7
2025-07-26,7236.6,23:12:42,35.4,26.9,31.0,41.8,73,25.4,2.3,11.7,18.78,7
2025-07-27,7306.4,22:55:34,36.3,28.8,32.1,42.3,68,25.1,0.9,12.3,22.09,7
2025-07-28,7489.8,15:05:20,36.6,28.1,32.1,43.1,67,24.8,1.6,9.7,21.53,7
2025-07-29,6953.9,00:00:05,32.9,27.2,29.2,40.6,82,25.8,3.8,7.6,16.31,7
2025-07-30,6456.0,15:10:07,31.6,26.2,27.9,37.6,88,25.7,15.3,10.4,15.15,7
2025-07-31,6024.5,12:01:02,31.5,25.3,27.7,38.0,88,25.4,29.2,9.9,12.81,7
2025-08-01,6283.6,15:01:13,32.0,25.5,28.3,40.2,85,25.5,7.5,10.6,18.18,8
2025-08-02,6108.6,15:49:58,32.4,26.0,29.1,38.9,79,24.9,0.9,10.9,18.03,8
2025-08-03,6521.1,23:10:57,33.1,26.8,29.7,39.9,77,25.1,0.7,11.8,19.39,8
2025-08-04,6376.9,15:25:47,31.0,26.2,28.6,37.2,82,25.2,0.1,12.1,9.27,8
2025-08-05,6391.8,15:29:06,30.1,26.9,27.9,35.9,84,25.0,8.3,10.9,9.23,8
2025-08-06,6793.9,15:02:53,32.1,26.3,28.7,38.3,80,24.8,0.5,9.0,13.72,8
2025-08-07,7006.0,23:04:10,33.9,26.0,29.9,39.6,72,24.1,0.0,12.8,22.85,8
2025-08-08,7049.8,15:14:58,33.1,26.4,29.9,38.5,70,23.9,0.0,11.9,14.17,8
2025-08-09,6377.3,00:01:02,30.5,26.1,27.8,36.4,84,24.9,8.9,7.2,10.3,8
2025-08-10,6094.9,23:09:39,32.1,25.9,28.9,40.4,83,25.6,1.7,5.9,19.5,8
2025-08-11,6440.9,23:03:25,33.9,26.6,29.8,40.0,78,25.3,1.6,11.3,17.78,8
2025-08-12,6339.5,23:00:12,33.3,26.3,29.2,40.2,80,25.2,3.9,11.4,17.14,8
2025-08-13,6800.2,22:52:30,33.4,26.9,30.3,38.7,74,24.9,0.0,8.5,17.34,8
2025-08-14,6527.8,00:00:01,29.6,26.3,27.8,35.9,88,25.5,8.2,7.5,9.56,8
2025-08-15,5362.4,00:00:13,31.7,25.3,28.4,39.8,86,25.8,4.6,7.0,19.04,8
2025-08-16,5595.4,15:07:21,31.2,26.4,28.6,38.1,87,26.1,4.1,8.3,14.55,8
2025-08-17,5811.8,14:48:05,32.0,27.3,29.0,39.2,86,26.4,3.6,10.3,16.23,8
2025-08-18,6473.4,15:07:09,31.8,27.2,29.2,39.0,83,25.9,9.0,14.2,19.86,8
2025-08-19,6234.6,23:00:13,31.9,26.6,29.2,38.9,82,25.7,5.4,11.6,20.35,8
2025-08-20,6735.3,23:02:50,32.7,26.8,29.3,38.1,79,25.1,5.6,12.3,18.98,8
2025-08-21,6914.7,15:13:49,33.6,25.6,29.7,39.4,78,25.2,13.8,12.8,20.74,8
2025-08-22,6781.5,23:06:28,34.2,25.3,30.3,41.2,75,25.1,3.3,7.6,18.44,8
2025-08-23,6440.8,00:00:24,32.6,25.6,28.3,39.3,84,25.2,13.2,11.2,16.56,8
2025-08-24,5761.3,23:14:41,31.1,25.7,27.6,38.0,87,25.1,11.8,14.7,18.64,8
2025-08-25,5745.8,12:08:19,29.0,24.4,26.6,33.9,89,24.6,19.7,15.9,9.85,8
2025-08-26,5890.1,14:52:41,29.9,25.1,27.2,35.2,89,25.1,6.7,18.0,13.79,8
2025-08-27,5815.5,11:15:45,32.6,25.2,28.4,40.2,86,25.7,1.4,8.4,20.54,8
2025-08-28,6580.8,15:23:00,32.4,25.3,28.6,40.3,86,26.0,15.5,9.7,19.18,8
2025-08-29,6056.5,15:03:20,31.3,25.0,27.9,38.0,88,25.6,12.6,12.2,14.02,8
2025-08-30,6039.0,15:14:10,31.8,26.0,28.4,38.0,84,25.3,3.8,12.3,15.64,8
2025-08-31,5781.3,00:00:08,30.0,24.5,26.7,36.5,90,25.0,13.1,15.8,11.55,8
2025-09-01,5533.4,14:45:06,29.2,24.0,25.4,35.0,92,24.1,31.5,17.5,11.58,9
2025-09-02,5393.2,12:35:00,27.0,23.8,25.0,30.9,93,23.8,21.7,15.6,8.6,9
2025-09-03,5552.6,12:18:12,29.4,24.1,26.2,36.3,89,24.1,14.7,10.4,12.7,9
2025-09-04,5708.8,14:34:51,31.4,24.2,27.1,38.9,87,24.7,17.7,12.0,16.26,9
2025-09-05,5519.1,14:44:39,31.0,25.2,27.6,37.0,85,24.7,4.8,17.0,18.68,9
2025-09-06,5633.1,15:49:34,31.2,24.5,27.7,37.7,85,24.9,13.3,14.1,19.12,9
2025-09-07,5518.1,13:43:20,31.9,24.8,28.0,38.8,85,25.1,2.3,11.0,20.21,9
2025-09-08,6118.9,15:16:27,32.0,25.2,28.6,39.4,81,24.8,0.7,6.1,20.66,9
2025-09-09,6448.3,15:25:31,32.4,25.8,29.0,38.7,76,24.2,0.4,10.8,20.31,9
2025-09-10,6561.4,14:55:52,33.2,25.6,29.2,37.7,73,23.6,0.0,15.6,20.96,9
2025-09-11,6389.3,15:32:20,32.8,24.7,28.9,36.5,69,22.4,0.0,15.2,19.68,9
2025-09-12,6361.8,15:14:51,33.5,24.6,29.4,37.7,67,22.3,0.2,11.3,20.19,9
2025-09-13,6361.5,23:12:34,35.3,26.3,30.8,39.1,60,21.7,0.9,11.5,18.78,9
2025-09-14,6526.5,23:03:11,36.5,27.0,31.9,39.6,57,21.7,0.2,12.1,19.93,9
2025-09-15,6703.1,22:41:50,36.4,27.3,32.3,39.7,54,21.2,0.0,13.3,20.74,9
2025-09-16,6898.3,22:52:01,36.8,27.3,31.7,40.7,56,21.5,0.1,10.2,20.16,9
2025-09-17,6942.7,15:01:09,36.4,26.7,31.2,40.7,61,22.3,0.2,9.5,19.48,9
2025-09-18,6590.2,22:52:14,34.9,25.1,30.2,39.6,67,22.9,1.6,8.5,17.81,9
2025-09-19,6862.5,15:02:44,35.5,26.8,31.1,38.5,62,22.4,0.7,11.5,18.24,9
2025-09-20,6526.5,00:00:00,36.2,26.8,31.5,38.7,56,21.0,0.0,14.8,19.33,9
2025-09-21,6456.6,23:30:24,36.4,25.4,31.2,38.4,53,20.0,0.0,14.4,19.77,9
2025-09-22,6633.9,15:29:38,36.9,26.1,31.6,38.6,51,19.5,0.0,16.0,20.59,9
2025-09-23,6392.0,15:33:33,36.7,26.1,31.5,38.2,47,18.5,0.0,16.7,20.09,9
2025-09-24,6413.3,15:40:02,36.1,25.8,31.0,37.6,50,18.8,0.0,15.6,20.75,9
2025-09-25,7458.6,16:10:37,36.2,25.9,31.1,38.2,52,19.4,0.0,13.5,20.56,9
2025-09-26,6607.1,15:42:38,37.0,25.8,31.6,38.9,52,20.0,0.0,14.0,20.62,9
2025-09-27,6708.6,23:27:32,38.7,27.2,32.6,42.7,54,21.4,0.1,6.1,19.28,9
2025-09-28,6868.4,23:04:09,36.5,28.3,32.3,40.0,60,23.1,0.0,13.5,18.83,9
2025-09-29,7064.2,15:37:39,36.3,27.8,32.0,40.1,58,22.2,0.2,8.6,18.34,9
2025-09-30,6898.4,00:00:05,34.8,24.4,30.6,39.0,64,22.5,8.0,14.0,14.23,9
2025-10-01,5956.0,15:12:28,33.5,24.5,28.3,38.6,74,23.1,2.8,13.7,17.45,10
2025-10-02,5501.4,00:00:27,32.4,24.4,28.4,36.4,72,22.5,1.0,9.1,17.19,10
2025-10-03,5903.3,15:21:01,33.6,25.0,29.1,37.7,71,22.7,0.0,8.2,17.27,10
2025-10-04,5668.9,15:43:27,34.6,26.3,30.3,36.8,60,21.1,0.1,12.2,18.15,10
2025-10-05,5683.4,23:15:05,33.9,23.7,29.2,36.6,60,20.2,0.7,14.0,17.73,10
2025-10-06,5324.6,00:00:24,29.2,22.3,24.0,30.9,85,21.1,14.6,14.3,4.91,10
2025-10-07,4824.7,12:29:58,28.5,20.7,23.4,32.7,87,20.9,5.2,9.8,15.54,10
2025-10-08,4554.7,18:36:19,25.7,20.4,22.7,29.6,86,20.0,0.2,9.2,12.93,10
2025-10-09,4573.2,18:30:30,28.2,20.6,23.8,30.3,75,18.7,0.4,8.7,17.34,10
2025-10-10,4539.6,11:33:01,28.5,19.4,23.5,30.7,68,16.9,0.0,7.4,18.44,10
2025-10-11,4323.2,18:25:47,29.0,19.2,23.9,30.7,68,17.1,0.0,9.3,16.6,10
2025-10-12,4154.8,18:30:59,30.7,20.5,25.2,32.3,63,17.2,0.0,9.9,18.16,10
2025-10-13,4662.8,18:31:15,31.7,20.4,25.8,33.2,59,16.5,0.0,5.4,18.12,10
2025-10-14,4663.9,18:30:34,32.0,21.1,26.4,32.7,52,14.8,0.0,5.1,18.13,10
2025-10-15,4976.7,12:47:32,31.9,21.2,26.7,32.3,49,14.2,0.0,6.0,17.87,10
2025-10-16,4707.1,18:32:23,31.7,20.2,26.1,32.6,51,14.6,0.0,6.9,17.76,10
2025-10-17,4751.3,18:18:10,32.3,20.4,26.5,33.8,54,15.9,0.0,6.3,17.38,10
2025-10-18,4527.0,12:01:43,33.2,21.6,27.2,34.6,53,15.9,0.0,5.5,16.77,10
2025-10-19,4139.2,11:46:00,33.6,23.0,27.9,35.1,52,16.4,0.0,10.1,16.31,10
2025-10-20,3919.5,18:31:06,33.1,22.8,28.1,33.6,49,15.7,0.0,8.5,16.06,10
2025-10-21,3880.7,18:10:37,30.4,22.7,26.9,31.5,57,17.2,0.4,7.1,14.73,10
2025-10-22,3941.8,18:22:20,32.1,23.5,27.6,33.0,53,16.2,0.0,9.2,15.08,10
2025-10-23,4061.2,18:14:25,31.8,21.2,26.6,31.3,42,11.8,0.0,9.7,16.41,10
2025-10-24,4355.7,18:39:22,32.2,20.2,25.9,31.8,46,12.2,0.0,6.5,16.6,10
2025-10-25,4143.4,18:15:00,31.7,19.7,25.7,31.8,45,11.8,0.0,6.4,16.42,10
2025-10-26,3914.2,18:32:54,31.6,18.9,25.5,31.3,46,12.0,0.0,7.1,16.52,10
2025-10-27,4231.2,12:19:58,30.3,20.3,24.2,30.3,56,14.3,0.0,14.3,11.65,10
2025-10-28,4135.8,18:13:22,26.6,21.3,23.3,27.9,72,17.7,0.0,6.9,6.85,10
2025-10-29,4306.9,18:29:40,29.2,20.2,24.8,31.0,66,17.5,0.0,8.6,14.28,10
2025-10-30,4354.4,18:17:14,27.3,22.6,24.5,30.5,74,19.4,0.1,6.3,5.88,10
2025-10-31,4489.6,11:24:45,30.3,21.4,25.3,32.6,75,20.0,0.1,6.9,12.65,10
2025-11-01,4153.7,18:29:27,30.9,20.8,25.1,30.5,62,15.9,0.0,10.2,15.35,11
2025-11-02,3868.1,12:06:38,29.4,19.3,23.7,29.0,59,14.6,0.0,12.8,15.39,11
2025-11-03,4152.7,18:03:28,30.5,17.9,23.5,29.7,53,12.7,0.0,14.1,15.62,11
2025-11-04,4234.9,18:08:36,28.7,18.9,23.4,30.0,60,15.0,0.0,11.0,14.4,11
2025-11-05,4246.2,19:04:04,29.5,18.9,23.9,30.6,62,15.4,0.0,10.9,14.1,11
2025-11-06,4045.1,18:20:22,26.1,15.8,20.7,24.2,49,9.0,0.0,10.7,15.6,11
2025-11-07,4027.5,11:26:38,27.3,14.8,20.3,25.2,47,8.0,0.0,10.0,15.33,11
2025-11-08,3830.6,10:24:34,26.8,13.9,20.0,24.2,45,6.7,0.0,10.7,15.43,11
2025-11-09,3762.0,11:23:39,26.8,14.1,20.1,24.8,46,7.3,0.0,9.3,15.09,11
2025-11-10,3984.4,10:28:24,27.0,13.9,20.1,24.8,46,7.4,0.0,8.8,14.89,11
2025-11-11,3978.3,10:45:20,27.4,13.7,20.1,24.9,47,7.4,0.0,10.6,14.81,11
2025-11-12,4085.0,10:19:59,27.5,14.0,20.4,24.7,48,8.0,0.0,12.8,14.55,11
2025-11-13,4041.7,10:07:45,26.3,13.2,19.3,23.9,52,8.3,0.0,9.9,14.45,11
2025-11-14,4234.4,10:28:29,26.0,13.3,19.2,23.5,50,7.6,0.0,9.7,14.33,11
2025-11-15,3961.8,10:33:55,26.6,12.8,19.3,24.1,50,7.7,0.0,10.3,14.3,11
2025-11-16,3934.2,11:03:15,26.8,12.3,19.1,24.0,50,7.3,0.0,11.6,14.16,11
2025-11-17,4070.0,10:21:40,26.0,12.3,19.0,24.2,50,7.6,0.0,6.8,13.92,11
2025-11-18,4108.3,10:23:01,25.8,13.5,19.4,24.3,58,10.4,0.0,7.8,13.68,11
2025-11-19,4228.7,10:25:10,26.0,13.3,19.7,25.4,63,11.7,0.0,5.9,13.44,11
2025-11-20,4125.4,10:18:41,26.1,14.1,20.0,25.9,64,12.4,0.0,5.6,13.24,11
2025-11-21,4347.1,10:23:30,26.2,14.5,20.3,25.9,61,12.0,0.0,6.1,13.13,11
2025-11-22,4027.0,10:23:48,26.2,14.1,20.3,24.5,57,10.4,0.0,8.2,13.32,11
2026-04-10,4232.2,19:16:41,31.2,17.8,24.8,29.1,43,9.5,0.0,19.9,24.02,4
2026-04-11,4168.2,19:17:59,32.9,21.7,27.6,32.1,33,9.4,0.0,14.3,21.17,4
2026-04-12,3891.6,20:28:01,34.2,23.0,28.6,33.3,31,8.5,0.0,16.2,24.13,4
2026-04-13,4410.9,16:55:23,34.6,21.8,28.6,32.6,28,6.8,0.0,14.9,24.4,4
2026-04-14,4510.0,19:31:22,37.5,23.0,30.7,36.3,25,6.9,0.0,12.6,23.88,4
2026-04-15,4961.1,16:32:03,38.7,23.7,31.7,36.7,22,5.3,0.0,14.7,24.57,4
2026-04-16,5653.4,16:16:19,39.9,26.2,33.0,38.6,22,6.6,0.0,14.3,24.02,4
2026-04-17,5427.5,14:54:00,40.2,26.3,32.5,38.2,25,8.7,0.0,14.8,18.32,4
2026-04-18,5043.2,15:44:26,40.2,25.0,32.7,39.6,29,10.2,0.0,11.4,24.03,4
2026-04-19,4983.2,23:18:55,40.1,26.0,33.5,39.2,22,7.4,0.0,18.1,21.47,4
2026-04-20,5609.9,15:33:26,39.6,26.7,33.0,38.0,22,6.8,0.0,16.5,23.31,4
2026-04-21,5665.0,15:39:52,38.6,26.0,32.8,36.3,18,4.7,0.0,18.9,24.39,4
2026-04-22,6020.2,15:30:45,40.3,26.0,33.5,38.0,21,7.0,0.0,16.7,24.51,4
2026-04-23,6323.0,15:45:17,41.2,27.9,34.2,40.3,18,5.8,0.0,12.6,24.33,4
2026-04-24,6578.1,15:30:47,42.0,27.5,34.8,41.8,23,9.2,0.0,12.6,22.72,4
2026-04-25,6516.9,15:05:20,42.3,29.1,35.7,40.9,23,9.9,0.0,17.9,20.88,4
2026-04-26,6649.9,23:24:52,41.6,28.8,35.5,40.9,23,10.7,0.0,20.7,20.98,4
2026-04-27,7078.2,15:30:43,42.2,28.6,35.6,41.7,22,9.4,0.0,21.6,23.3,4
2026-04-28,7091.4,15:26:56,37.1,29.7,33.2,38.3,31,13.7,0.0,12.4,20.35,4
2026-04-29,6754.4,00:02:00,37.1,27.0,31.9,38.3,37,14.3,0.0,11.5,20.36,4
2026-04-30,6565.0,14:58:29,37.7,25.4,30.8,37.2,41,14.9,0.9,15.1,21.34,4
2026-05-01,5792.5,23:08:10,36.6,23.1,29.2,38.7,49,16.7,0.0,12.3,23.38,5
2026-05-02,6134.6,15:39:57,36.1,26.3,31.4,38.3,42,16.5,2.3,14.5,21.54,5
2026-05-03,5836.0,23:13:37,34.8,25.8,30.6,36.2,44,16.9,0.0,15.9,20.79,5
2026-05-04,5159.1,00:00:29,29.8,21.0,25.5,31.1,65,17.9,5.5,20.2,20.67,5
2026-05-05,5312.7,14:54:25,30.5,22.6,26.0,32.6,66,18.6,1.3,14.2,19.09,5
2026-05-06,5292.7,16:03:50,34.7,21.9,28.6,35.0,48,14.5,0.0,10.9,22.98,5
2026-05-07,5161.4,15:24:50,30.5,23.0,27.1,31.1,50,15.6,0.1,19.2,20.1,5
2026-05-08,5325.0,16:20:39,34.4,22.1,28.2,35.5,54,16.9,0.4,14.5,22.6,5
2026-05-09,5394.4,23:30:39,35.5,24.8,30.3,37.5,46,16.6,0.0,11.9,22.49,5
2026-05-10,5700.7,23:00:41,37.3,26.3,31.5,38.9,43,16.6,0.0,12.2,22.47,5
2026-05-11,6342.9,15:12:27,37.7,27.3,32.5,39.4,41,17.2,0.0,10.0,19.95,5
2026-05-12,6829.4,16:03:20,38.8,27.9,32.4,40.4,45,18.4,7.0,17.3,21.87,5
2026-05-13,6630.0,15:33:44,39.1,26.7,32.7,41.0,47,19.1,0.3,11.7,23.69,5
2026-05-14,6792.3,23:09:17,39.4,25.9,33.3,41.6,40,16.3,0.2,15.4,23.37,5
2026-05-15,6785.6,15:30:46,40.0,28.6,34.4,39.4,31,13.5,0.0,16.8,23.5,5
2026-05-16,6785.0,23:14:29,40.4,29.0,35.0,40.5,29,12.7,0.0,17.1,23.65,5
2026-05-17,7094.1,23:19:21,41.3,29.9,36.2,40.9,26,13.1,0.1,21.5,23.58,5
2026-05-18,7600.3,23:11:27,43.3,30.0,37.1,42.9,25,13.1,0.0,18.6,24.17,5
2026-05-19,7841.2,22:56:16,44.4,31.1,38.2,43.0,18,8.9,0.0,16.1,24.92,5
2026-05-20,8038.5,15:35:47,43.6,32.1,37.9,43.2,20,10.7,0.0,11.6,23.57,5
2026-05-21,8230.8,15:31:04,42.8,33.2,37.8,42.1,22,11.7,0.0,18.8,24.59,5
2026-05-22,8154.3,15:33:49,42.0,32.0,37.3,42.1,19,9.7,0.0,14.3,24.58,5
2026-05-23,7940.1,00:00:00,41.3,31.6,36.7,39.7,22,11.1,0.0,18.1,22.82,5
2026-05-24,7890.7,23:43:53,42.3,30.0,36.8,41.3,22,10.6,0.0,16.8,23.41,5
2026-05-25,8438.8,15:35:51,43.0,32.8,37.9,43.6,19,10.0,0.0,16.5,23.22,5
2026-05-26,8184.2,00:00:49,42.6,31.8,37.5,40.4,17,7.2,0.0,19.5,24.81,5
2026-05-27,8142.8,23:13:22,43.4,31.4,37.9,41.6,17,8.0,0.0,19.1,25.28,5
2026-05-28,8164.2,15:18:28,40.4,28.7,34.1,44.1,39,17.6,3.2,18.6,22.48,5
2026-05-29,7226.1,15:33:37,33.8,26.0,30.1,37.2,56,20.1,1.0,15.5,20.71,5
2026-05-30,6465.1,15:29:17,35.5,24.0,27.9,38.5,64,19.7,4.7,13.6,21.38,5
2026-05-31,5613.1,23:45:59,33.1,23.3,27.5,36.3,64,19.5,0.8,12.9,22.56,5
2026-06-01,6290.0,23:51:27,33.1,24.6,28.6,34.9,62,19.9,1.1,13.1,20.92,6
2026-06-02,6697.9,23:14:36,36.5,24.4,30.7,38.0,52,18.9,1.0,10.8,22.47,6
2026-06-03,7352.9,23:26:58,38.5,29.1,33.8,40.5,43,18.9,0.7,11.1,23.08,6
2026-06-04,7227.2,00:01:03,39.5,28.1,32.9,41.7,44,18.0,0.6,14.8,21.42,6
2026-06-05,6561.2,23:24:03,34.7,25.1,30.3,37.8,57,20.2,2.1,13.9,16.9,6
2026-06-06,6759.3,15:14:42,40.3,28.5,34.1,42.5,44,18.8,0.0,12.5,22.7,6
2026-06-07,6854.5,23:43:42,40.4,28.9,33.4,43.1,43,18.5,0.4,20.9,21.22,6
2026-06-08,7580.3,15:31:32,42.1,29.9,36.5,42.1,31,15.0,0.0,17.6,23.52,6
2026-06-09,7888.0,15:28:52,43.0,31.6,37.4,43.4,28,14.5,0.0,18.7,24.09,6
2026-06-10,8433.8,15:33:00,43.6,31.3,37.9,43.5,28,15.2,0.4,14.8,23.5,6
2026-06-11,8296.2,00:00:40,36.8,27.4,33.8,40.9,47,20.4,0.2,19.8,23.55,6
2026-06-12,6676.3,23:10:28,32.6,23.3,27.4,36.3,75,22.3,8.1,19.6,22.56,6
2026-06-13,6275.6,23:29:23,33.7,24.8,28.7,38.4,68,21.8,0.7,8.3,20.26,6
2026-06-14,6960.6,23:19:29,36.8,26.0,31.3,41.3,60,21.9,0.5,10.8,22.83,6
2026-06-15,6818.2,00:01:28,36.3,26.5,30.3,39.7,54,19.8,1.3,18.8,21.45,6
2026-06-16,6076.1,00:01:43,32.3,25.2,28.2,34.8,64,20.6,0.6,17.5,14.53,6
2026-06-17,6735.2,23:27:01,37.3,24.7,31.4,40.4,53,19.8,0.0,11.6,24.17,6
2026-06-18,7233.9,15:30:35,39.4,29.5,34.6,41.8,42,18.9,0.1,15.3,23.35,6
2026-06-19,7279.2,15:31:05,38.1,28.2,33.9,40.8,41,18.4,0.0,13.5,23.08,6
2026-06-20,7406.8,23:28:48,38.1,30.7,34.3,40.7,42,19.3,0.5,14.9,23.23,6
2026-06-21,7350.5,00:00:24,38.5,30.1,34.1,39.4,39,17.9,0.0,13.0,15.45,6
2026-06-22,7180.7,23:24:00,36.7,28.5,33.1,38.8,41,17.6,0.4,14.8,17.36,6
2026-06-23,7297.1,14:30:29,38.7,30.3,33.4,40.8,43,18.7,1.4,17.8,21.14,6
2026-06-24,7325.6,15:47:23,38.1,28.6,32.5,40.3,47,19.2,0.6,21.3,20.37,6
2026-06-25,7450.4,23:22:09,39.0,30.2,34.5,42.4,44,19.8,0.8,10.9,22.12,6
2026-06-26,7611.3,23:21:01,40.7,29.8,35.0,45.3,44,20.5,1.2,7.4,22.56,6
2026-06-27,7992.3,23:20:50,40.1,26.8,35.5,44.7,46,21.1,1.0,12.8,23.57,6
2026-06-28,7996.7,23:29:10,41.9,29.5,36.7,46.2,43,21.4,1.0,14.3,23.52,6
2026-06-29,8748.0,15:17:09,41.7,32.1,37.1,44.8,40,20.7,1.4,13.7,22.79,6
2026-06-30,8505.5,15:27:37,39.5,28.9,34.2,42.8,54,23.0,4.4,14.4,15.31,6
2026-07-01,8177.0,00:01:00,32.7,26.9,30.2,37.9,74,24.9,1.8,13.8,13.84,7
2026-07-02,7413.3,00:01:02,31.5,25.9,28.9,37.1,78,24.5,6.8,7.4,12.77,7
2026-07-03,7654.7,15:03:21,34.5,27.0,31.1,40.0,71,24.8,0.5,7.9,16.93,7
2026-07-04,7406.0,23:00:45,36.5,29.2,32.2,42.1,69,25.6,1.4,6.8,18.13,7
2026-07-05,7194.9,00:00:49,34.5,28.8,31.3,42.4,76,26.4,3.7,8.8,18.75,7
2026-07-06,7956.9,22:55:29,36.7,26.8,32.1,43.7,71,25.8,0.5,7.3,22.06,7
2026-07-07,7658.8,00:01:00,32.8,26.5,29.4,40.2,85,26.4,8.4,9.8,16.51,7
2026-07-08,6237.7,11:43:52,29.3,26.1,27.2,34.9,91,25.6,11.8,10.8,9.3,7
2026-07-09,5708.7,00:00:25,29.2,25.0,26.4,33.8,91,24.7,99.8,18.9,7.02,7
2026-07-10,6379.3,15:33:37,33.0,25.5,29.3,39.5,81,25.5,0.6,11.5,22.6,7
2026-07-11,7152.9,23:28:13,34.3,27.4,30.8,41.1,76,25.8,0.3,11.8,21.17,7
2026-07-12,7516.4,22:52:08,35.0,28.7,31.8,41.6,69,25.3,1.5,12.3,23.17,7
2026-07-13,7960.7,15:15:00,35.8,28.4,32.1,41.8,64,24.2,0.1,13.7,23.7,7
2026-07-14,8142.6,15:21:48,36.2,26.1,30.8,41.7,70,24.2,2.3,19.6,22.85,7
2026-07-15,8120.8,15:13:01,36.3,25.4,31.0,41.1,67,23.6,3.4,9.7,22.63,7
2026-07-16,8480.3,22:52:29,37.3,29.8,33.9,41.4,53,22.6,0.0,12.6,24.17,7
2026-07-17,8415.8,23:14:24,37.4,30.7,34.1,41.2,55,23.3,0.3,12.1,21.95,7
2026-07-18,8189.8,23:03:57,36.3,31.0,33.6,40.5,54,23.0,0.0,14.9,16.53,7
2026-07-19,8116.4,23:00:42,36.6,29.8,32.6,41.2,65,24.8,3.7,11.2,14.45,7
2026-07-20,7862.1,00:01:08,31.7,26.5,28.7,38.3,87,26.2,31.9,11.5,12.77,7
2026-07-21,6753.9,00:00:05,29.9,25.7,27.4,36.4,90,25.5,14.7,12.2,9.54,7
2026-07-22,6845.9,22:56:27,31.8,25.8,28.5,38.0,83,25.2,5.7,16.5,21.08,7
2026-07-23,6926.7,15:26:15,32.2,26.1,28.8,37.8,81,25.0,9.8,15.0,22.04,7
2026-07-24,6942.4,22:57:06,31.0,25.8,28.5,37.4,84,25.5,8.5,14.7,18.22,7
2026-07-25,6908.5,23:15:31,32.3,27.4,29.2,38.0,80,25.2,2.3,12.6,18.99,7
2026-07-26,7397.4,23:09:50,33.7,27.3,30.6,41.2,79,26.2,1.4,9.6,20.91,7
2026-07-27,7927.9,15:10:25,35.3,29.2,31.6,42.2,73,26.0,0.6,11.6,19.58,7
2026-07-28,7255.9,00:00:42,31.0,26.1,27.9,37.3,90,26.1,19.5,13.3,6.44,7
2026-07-29,7153.6,22:45:39,32.5,26.3,29.3,40.2,84,26.2,5.6,7.0,17.38,7
2026-07-30,7465.9,15:10:17,33.2,25.5,29.6,39.8,82,25.9,10.8,13.0,21.4,7
2026-07-31,7180.9,22:55:58,32.5,27.9,29.6,38.0,79,25.4,4.9,14.4,18.93,7
2026-08-01,7132.5,22:58:49,32.4,26.7,29.2,38.8,82,25.8,5.5,12.5,19.29,8
2026-08-02,7235.9,22:52:29,33.7,26.6,29.0,40.6,85,25.9,4.8,12.0,21.31,8
2026-08-03,7619.7,15:06:24,33.4,26.9,29.1,41.4,87,26.5,14.3,11.9,17.15,8
2026-08-04,7122.3,00:00:27,29.5,26.3,27.5,36.9,93,26.3,13.6,8.7,10.07,8
2026-08-05,6923.6,23:00:52,32.5,26.2,28.8,38.7,85,25.8,1.9,7.7,15.35,8
2026-08-06,6606.9,00:00:23,27.8,26.7,27.2,35.7,90,25.4,12.8,8.4,6.07,8
2026-08-07,5820.6,11:09:54,29.1,25.4,26.5,34.5,94,25.4,58.3,14.4,7.29,8
2026-08-08,5930.6,14:46:00,32.1,24.6,28.3,38.4,86,25.6,28.9,15.8,19.02,8
2026-08-09,6750.9,23:00:42,33.8,25.1,29.9,41.5,81,26.0,3.0,8.4,22.54,8
2026-08-10,6938.3,14:30:03,33.2,26.5,28.7,41.1,87,26.2,7.7,10.8,17.88,8
2026-08-11,6474.6,15:03:07,30.4,26.7,28.5,38.0,89,26.4,12.5,9.7,13.03,8
2026-08-12,7338.1,22:35:42,34.4,27.2,30.1,42.5,82,26.4,2.0,11.1,22.29,8
2026-08-13,7200.3,22:45:34,33.6,26.4,30.2,42.4,83,26.9,2.6,9.2,21.57,8
2026-08-14,6895.1,00:00:04,30.9,27.0,28.8,38.8,88,26.6,11.6,6.0,11.78,8
2026-08-15,6520.3,23:00:50,32.5,26.5,29.3,40.3,86,26.6,4.5,8.5,18.03,8
2026-08-16,7037.8,23:00:44,33.3,26.2,30.1,40.2,79,26.0,4.9,10.4,18.88,8
2026-08-19,7275.8,15:27:48,33.2,26.9,29.3,39.5,80,25.3,5.2,7.5,20.92,8
2026-08-20,7111.0,00:00:31,33.2,26.8,28.9,39.6,86,26.0,4.5,7.5,15.52,8
2026-08-25,6770.1,15:30:46,32.6,26.2,28.9,38.7,85,25.9,3.4,7.3,15.5,8
2026-08-27,7216.8,15:00:30,34.4,27.4,29.9,40.3,80,26.0,0.0,9.0,16.21,8
2026-08-28,6498.1,22:57:06,34.2,26.2,30.5,39.3,73,24.7,0.5,13.9,21.22,8
2026-08-29,7045.1,23:06:37,34.9,27.8,31.0,40.6,68,24.1,0.0,12.6,22.3,8
2026-08-30,7027.0,23:08:54,34.0,27.9,30.9,38.3,66,23.6,0.2,10.8,15.88,8
2026-08-31,7151.1,23:17:24,34.4,27.8,31.0,39.0,63,22.8,0.7,12.6,17.81,8
2026-09-01,7067.7,15:32:45,34.3,27.3,30.3,39.6,68,23.5,3.9,10.4,18.86,9
2026-09-02,6624.2,00:00:43,32.5,26.1,28.0,38.7,81,24.3,13.6,9.3,14.1,9
2026-09-04,6605.3,00:00:10,30.2,25.8,27.8,36.3,87,25.3,13.3,9.1,15.53,9
2026-09-05,5578.5,00:49:15,27.9,25.1,26.4,34.1,93,25.1,23.5,13.1,7.21,9
2026-09-06,4998.4,22:30:24,27.6,24.1,25.7,32.9,92,24.3,18.1,12.4,6.18,9
2026-09-07,6079.7,15:26:44,32.4,24.3,28.3,38.8,78,23.9,0.9,9.2,20.4,9
2026-09-09,6790.1,23:00:45,33.5,26.4,29.8,37.9,68,23.0,0.0,13.8,20.78,9
2026-09-10,7001.9,15:28:45,34.4,26.6,30.3,38.8,66,23.0,0.0,11.5,20.98,9
2026-09-11,6755.7,00:00:01,31.1,26.5,28.4,38.0,82,24.9,8.7,14.1,17.4,9
2026-09-12,6426.1,23:47:34,31.0,25.7,28.7,37.5,83,25.5,7.6,11.2,15.78,9
2026-09-13,6443.9,22:59:25,32.5,27.2,29.5,37.6,76,24.6,0.6,10.3,19.08,9
2026-09-14,6891.3,22:49:59,31.8,26.1,28.9,37.3,78,24.5,3.7,11.1,18.68,9
2026-09-15,7038.7,22:43:43,32.9,26.0,29.4,37.6,72,23.5,1.6,14.4,18.84,9
2026-09-16,7354.1,22:18:29,35.0,27.7,31.2,40.7,65,23.3,0.3,7.8,19.73,9
2026-09-17,7033.1,00:00:50,32.5,24.8,29.1,37.5,69,22.6,2.0,13.5,18.02,9
2026-09-18,6715.1,23:15:00,31.2,24.9,28.1,36.3,72,22.5,2.2,11.9,19.14,9
2026-09-19,6460.6,00:00:06,32.8,25.0,28.9,37.2,69,22.2,0.0,5.8,19.46,9
2026-09-20,6427.0,23:01:50,33.7,25.4,29.7,38.6,65,22.0,1.5,6.9,19.46,9
2026-09-21,6735.4,14:52:44,33.7,26.2,29.9,37.7,61,21.3,0.1,7.1,19.32,9
2026-09-22,6881.7,15:33:01,35.8,26.3,31.2,39.2,58,21.4,0.0,10.1,19.54,9
2026-09-23,7004.4,22:58:20,36.9,27.0,31.5,40.3,57,21.3,0.0,9.1,19.3,9
2026-09-24,6938.5,16:05:03,34.6,26.2,30.0,38.3,63,21.7,0.0,12.1,19.03,9
2026-09-25,6612.1,00:00:08,31.2,25.0,27.8,34.3,70,21.6,0.0,12.7,17.26,9
2026-09-26,5787.0,00:01:14,29.6,22.1,25.1,32.6,75,20.1,4.6,13.6,17.06,9
2026-09-27,4732.9,18:43:42,28.6,22.2,24.8,32.3,79,20.7,1.1,12.7,17.68,9
2026-09-28,5112.0,12:33:12,28.2,22.2,24.4,30.5,84,21.4,1.5,14.3,12.72,9
2026-09-29,5269.9,18:50:39,30.8,22.0,25.9,33.9,76,21.0,0.0,11.6,19.0,9
2026-09-30,5472.5,18:55:46,32.5,23.2,27.4,34.5,69,20.6,0.0,14.2,18.81,9
2026-10-01,5744.4,15:45:07,33.4,23.8,28.3,36.0,64,20.2,0.0,14.8,17.7,10
2026-10-02,5083.3,22:30:39,34.5,23.9,28.8,35.7,60,19.3,0.0,13.0,18.54,10
2026-10-03,5552.9,15:59:51,35.5,24.3,29.7,37.5,56,19.3,0.0,11.4,19.09,10
2026-10-04,5734.5,23:16:35,35.2,25.1,30.0,36.5,56,19.5,0.0,12.0,19.06,10
2026-10-05,6320.5,15:31:20,35.7,25.2,30.2,37.9,55,19.6,0.0,13.0,18.58,10
2026-10-06,6477.3,15:44:39,35.2,26.3,30.4,37.8,57,20.0,0.0,10.4,18.17,10
