latitude,longitude,elevation,utc_offset_seconds,timezone,timezone_abbreviation
28.576448,77.18678,217.0,19800,Asia/Kolkata,GMT+5:30

time,temperature_2m_max (°C),temperature_2m_min (°C),temperature_2m_mean (°C),apparent_temperature_max (°C),relative_humidity_2m_mean (%),dew_point_2m_mean (°C),precipitation_sum (mm),wind_speed_10m_max (km/h),shortwave_radiation_sum (MJ/m²)
2023-09-01,37.3,26.7,31.9,40.0,54,20.9,0.00,19.3,21.88
2023-09-02,37.2,27.3,31.8,38.6,51,20.0,0.00,23.4,22.77
2023-09-03,36.7,26.3,31.3,37.7,53,19.7,0.00,22.0,22.83
2023-09-04,37.3,25.6,31.3,38.9,52,19.5,0.00,18.6,22.87
2023-09-05,36.2,26.5,30.7,41.1,67,23.5,6.10,12.5,18.75
2023-09-06,36.2,24.3,30.9,41.0,64,22.6,1.70,21.4,21.61
2023-09-07,38.4,27.0,31.9,42.3,60,22.2,0.00,9.6,20.47
2023-09-08,36.6,25.5,30.3,40.5,68,23.2,1.30,20.3,20.91
2023-09-09,32.4,25.4,27.8,34.7,80,23.8,2.50,25.4,15.93
2023-09-10,30.0,24.2,26.1,34.3,89,24.0,35.30,17.6,12.33
2023-09-11,32.1,23.9,27.5,36.6,81,23.7,1.00,19.8,20.04
2023-09-12,33.4,24.4,28.7,38.8,79,24.2,0.00,9.6,20.28
2023-09-13,33.7,26.4,29.7,40.9,79,25.5,7.40,16.3,19.38
2023-09-14,34.1,26.7,29.2,40.4,82,25.5,5.50,15.3,17.47
2023-09-15,32.0,25.5,28.1,38.5,87,25.7,5.70,14.6,12.27
2023-09-16,31.5,26.4,28.3,35.4,84,25.3,7.80,23.9,14.38
2023-09-17,31.7,25.2,27.1,36.2,87,24.7,6.50,22.5,14.09
2023-09-18,31.7,24.7,27.9,35.6,79,23.7,2.10,23.1,19.23
2023-09-19,33.1,24.6,28.6,38.3,77,23.9,0.20,11.5,19.85
2023-09-20,33.1,25.5,29.4,40.2,76,24.5,0.90,9.2,18.58
2023-09-21,33.5,26.0,28.9,41.0,81,25.1,2.60,22.0,18.69
2023-09-22,33.3,25.3,29.4,40.2,78,24.9,0.30,10.5,19.00
2023-09-23,32.8,25.6,28.6,40.3,82,25.1,1.40,13.7,18.26
2023-09-24,32.8,25.3,27.9,37.4,80,23.8,0.90,14.8,17.99
2023-09-25,32.9,24.6,28.6,38.6,76,23.6,0.20,9.4,19.03
2023-09-26,32.9,24.9,28.8,37.8,73,23.0,0.20,9.4,18.69
2023-09-27,33.3,23.3,27.8,36.1,65,20.2,0.00,14.0,20.37
2023-09-28,33.1,20.6,26.6,35.7,62,18.2,0.00,12.9,20.62
2023-09-29,33.2,20.4,26.8,35.5,61,18.2,0.00,9.7,20.38
2023-09-30,34.8,22.8,27.9,36.6,57,17.8,0.00,17.6,19.96
2023-10-01,34.6,21.3,27.4,36.2,54,15.9,0.00,19.5,20.01
2023-10-02,33.8,20.2,26.7,33.5,43,12.0,0.00,19.9,20.07
2023-10-03,33.9,20.0,26.4,32.6,40,11.2,0.00,23.4,20.12
2023-10-04,33.9,18.9,26.3,33.2,53,15.2,0.00,21.1,19.80
2023-10-05,34.3,19.9,26.4,33.9,52,14.7,0.00,16.4,19.76
2023-10-06,35.3,19.9,27.3,35.8,51,15.5,0.00,13.7,19.44
2023-10-07,35.0,21.6,28.3,38.0,60,19.4,0.00,14.4,18.75
2023-10-08,35.3,24.1,29.7,37.3,58,20.0,0.00,14.9,18.53
2023-10-09,35.2,24.6,29.3,36.4,54,18.5,0.00,16.7,17.67
2023-10-10,33.5,24.4,28.4,36.2,55,18.0,2.50,13.1,16.60
2023-10-11,33.7,21.2,26.5,34.2,57,16.1,0.00,15.5,18.63
2023-10-12,33.2,18.9,25.8,33.4,54,15.0,0.00,14.3,18.47
2023-10-13,34.7,20.3,27.5,35.5,55,16.7,0.00,13.4,17.85
2023-10-14,35.0,21.6,28.2,35.3,52,16.2,0.00,16.1,16.54
2023-10-15,33.7,22.3,27.3,35.4,55,16.9,0.10,15.6,16.86
2023-10-16,29.0,19.8,24.3,30.2,65,17.1,9.90,27.6,13.08
2023-10-17,28.7,18.2,22.3,30.6,72,16.6,3.30,13.5,14.24
2023-10-18,29.0,17.1,22.6,29.0,65,14.9,0.00,14.7,17.09
2023-10-19,28.6,17.0,21.9,28.4,63,14.1,0.00,13.2,17.17
2023-10-20,29.1,17.0,22.4,29.6,65,14.7,0.00,9.9,17.10
2023-10-21,29.7,16.7,22.8,30.6,63,14.5,0.00,9.8,16.88
2023-10-22,30.4,17.1,23.3,31.1,61,14.6,0.00,10.8,16.33
2023-10-23,29.7,17.6,23.2,29.9,64,15.3,0.00,11.4,16.29
2023-10-24,30.5,17.7,23.4,30.5,60,14.3,0.00,11.0,16.18
2023-10-25,30.6,17.1,23.2,30.0,59,13.9,0.00,14.6,16.25
2023-10-26,30.5,16.9,22.9,29.7,58,13.1,0.00,13.0,16.42
2023-10-27,30.4,16.6,22.9,29.5,51,11.5,0.00,11.9,16.52
2023-10-28,30.0,18.6,24.4,30.0,48,12.2,0.00,10.0,13.66
2023-10-29,31.4,17.8,24.0,32.3,56,14.1,0.00,9.3,15.53
2023-10-30,31.7,17.6,23.9,33.8,67,16.4,0.00,10.7,15.14
2023-10-31,31.1,18.5,24.1,32.9,69,17.2,0.00,8.9,15.07
2023-11-01,30.5,18.8,24.0,31.7,66,16.6,0.00,10.8,15.14
2023-11-02,30.3,19.0,24.1,31.1,66,16.6,0.00,10.5,14.80
2023-11-03,28.5,17.8,22.5,29.3,70,16.3,1.10,16.8,13.99
2023-11-04,29.6,15.9,22.5,30.1,66,15.2,0.00,16.0,14.63
2023-11-05,29.6,16.8,22.7,29.1,62,13.9,0.00,11.3,15.08
2023-11-06,29.5,15.2,22.2,29.9,60,13.3,0.00,11.4,14.88
2023-11-07,30.1,16.3,22.5,29.9,64,14.4,0.00,11.4,14.45
2023-11-08,29.5,16.8,22.7,29.9,65,15.2,0.00,10.3,14.33
2023-11-09,29.2,16.9,22.7,29.9,65,15.2,0.00,10.3,13.97
2023-11-10,26.4,16.1,20.5,26.6,76,15.8,2.90,19.5,10.93
2023-11-11,25.3,14.9,19.2,24.7,76,14.4,0.00,11.6,13.89
2023-11-12,25.1,13.9,18.8,24.7,74,13.5,0.00,11.4,14.09
2023-11-13,25.6,13.2,19.0,25.8,73,13.6,0.00,9.8,13.85
2023-11-14,25.2,14.1,18.9,24.5,71,13.0,0.00,9.8,11.71
2023-11-15,25.7,13.1,18.5,25.2,72,12.8,0.00,10.2,13.86
2023-11-16,26.2,13.0,19.7,26.5,69,13.2,0.00,8.6,13.52
2023-11-17,26.8,14.3,20.4,27.0,71,14.4,0.00,9.9,13.00
2023-11-18,26.2,14.6,19.9,26.3,70,13.8,0.00,8.0,13.04
2023-11-19,25.7,13.9,20.1,25.2,66,13.0,0.00,10.5,12.88
2023-11-20,25.5,13.4,19.6,24.7,65,12.4,0.00,10.2,13.19
2023-11-21,25.2,13.5,18.8,23.8,70,12.5,0.00,16.3,13.18
2023-11-22,24.8,13.1,18.1,23.2,65,11.0,0.00,13.8,13.32
2023-11-23,24.8,11.3,18.0,25.0,68,11.5,0.00,9.0,13.21
2023-11-24,25.1,13.4,18.5,24.9,69,12.3,0.00,10.0,13.01
2023-11-25,25.3,12.4,18.5,24.5,68,11.9,0.00,10.0,12.87
2023-11-26,25.5,14.2,19.2,24.5,68,12.6,0.00,11.2,10.47
2023-11-27,24.0,15.7,18.5,22.7,75,13.7,4.00,23.2,6.96
2023-11-28,20.6,15.1,17.4,21.7,88,15.3,3.20,10.2,6.06
2023-11-29,24.4,13.4,18.5,24.4,80,14.5,0.40,8.7,11.56
2023-11-30,21.7,14.1,17.8,21.8,84,14.9,1.00,13.3,9.33
2023-12-01,24.2,13.8,18.4,24.6,81,14.9,0.10,8.0,11.06
2023-12-02,24.2,13.2,18.0,24.3,79,13.9,0.00,8.7,11.66
2023-12-03,24.5,12.2,18.0,23.8,74,12.8,0.10,10.4,12.09
2023-12-04,22.9,13.7,17.8,21.6,73,12.2,0.00,11.3,10.56
2023-12-05,23.2,11.5,16.5,21.5,73,11.1,0.00,12.4,12.30
2023-12-06,23.6,11.7,16.4,23.1,76,11.7,0.00,11.3,12.46
2023-12-07,24.1,11.6,16.7,23.3,77,12.0,0.00,10.2,12.06
2023-12-08,23.8,11.4,16.5,22.5,74,11.3,0.00,13.3,12.30
2023-12-09,23.4,10.7,15.9,21.3,70,9.9,0.00,13.3,12.43
2023-12-10,22.5,10.8,15.5,19.4,68,9.2,0.00,18.0,12.46
2023-12-11,22.3,9.1,15.2,20.9,69,9.0,0.00,10.1,12.27
2023-12-12,22.8,9.3,15.6,22.5,70,9.6,0.00,11.4,12.03
2023-12-13,22.8,10.4,15.9,21.5,67,9.2,0.00,10.3,12.09
2023-12-14,22.1,9.7,14.7,19.2,71,8.8,0.00,16.1,12.28
2023-12-15,22.1,7.5,14.2,20.3,71,8.2,0.00,10.2,12.21
2023-12-16,22.3,7.7,14.5,20.0,67,7.7,0.00,12.1,12.01
2023-12-17,22.6,9.5,15.4,20.2,64,8.1,0.00,12.6,12.03
2023-12-18,21.5,9.1,14.3,17.5,67,7.5,0.00,20.1,12.25
2023-12-19,21.5,8.6,14.2,18.3,64,7.2,0.00,17.1,12.45
2023-12-20,20.4,7.9,13.6,18.3,70,7.9,0.00,11.8,11.55
2023-12-21,21.6,8.1,13.9,19.4,74,8.9,0.00,13.3,11.92
2023-12-22,21.5,7.1,13.9,20.8,76,9.1,0.00,9.7,12.16
2023-12-23,22.1,11.1,16.1,21.1,72,10.6,0.30,9.4,11.89
2023-12-24,22.9,9.7,15.8,22.2,76,11.2,0.00,9.2,11.93
2023-12-25,22.9,10.7,15.5,22.0,78,11.2,0.00,12.2,12.12
2023-12-26,22.7,9.5,15.4,21.8,75,10.4,0.00,8.2,11.42
2023-12-27,21.7,8.5,14.3,20.9,80,10.4,0.00,10.1,12.13
2023-12-28,20.9,9.7,14.0,20.4,85,11.1,0.00,10.3,11.64
2023-12-29,20.2,8.3,13.3,20.6,87,11.0,0.00,6.4,10.26
2023-12-30,19.0,9.0,12.5,19.1,90,10.8,0.00,9.3,9.24
2023-12-31,18.7,7.6,12.7,18.4,84,9.7,0.00,8.0,11.45
2024-01-01,16.2,5.9,10.4,14.8,85,7.8,0.00,8.2,10.65
2024-01-02,15.3,4.6,9.1,14.1,86,6.6,0.00,8.2,11.21
2024-01-03,15.9,4.8,9.5,14.7,89,7.5,0.00,10.4,9.77
2024-01-04,17.9,5.2,11.5,17.2,82,8.2,0.00,10.2,10.85
2024-01-05,17.3,7.3,11.7,16.8,85,9.1,0.10,9.7,7.51
2024-01-06,16.9,6.3,11.6,15.8,82,8.3,0.00,9.0,9.25
2024-01-07,17.5,6.1,11.4,16.7,81,7.9,0.00,7.1,12.70
2024-01-08,18.4,5.5,10.9,18.4,86,8.4,0.00,8.9,12.32
2024-01-09,18.0,6.2,10.8,16.5,86,8.3,0.00,13.9,12.52
2024-01-10,15.8,4.6,9.2,13.4,84,6.5,0.00,15.0,13.14
2024-01-11,15.5,5.6,9.3,13.6,88,7.2,0.00,12.0,10.92
2024-01-12,17.4,5.6,10.1,15.7,86,7.5,0.00,12.4,12.01
2024-01-13,18.1,5.9,10.3,17.2,84,7.4,0.00,10.2,10.08
2024-01-14,18.0,4.8,9.7,16.4,86,7.0,0.00,10.0,12.14
2024-01-15,16.1,5.0,9.0,14.2,85,6.4,0.00,9.0,12.41
2024-01-16,17.5,3.9,8.9,16.2,86,6.3,0.00,11.0,12.09
2024-01-17,17.8,4.0,9.9,16.5,84,6.9,0.00,10.7,13.86
2024-01-18,17.5,6.0,11.0,17.1,86,8.5,0.00,8.0,11.35
2024-01-19,16.8,6.3,10.2,16.0,89,8.2,0.00,9.2,11.02
2024-01-20,16.1,5.1,9.6,15.1,88,7.5,0.00,10.3,12.15
2024-01-21,16.1,5.2,9.0,13.9,89,7.1,0.00,14.1,11.72
2024-01-22,16.9,5.0,9.2,16.0,86,6.7,0.00,10.6,12.28
2024-01-23,17.3,4.9,10.4,16.9,88,8.3,0.00,8.9,12.47
2024-01-24,18.2,6.4,11.3,16.7,84,8.3,0.00,8.3,13.72
2024-01-25,17.5,5.6,10.2,16.9,88,8.0,0.00,10.4,12.39
2024-01-26,18.5,6.0,11.4,18.0,84,8.5,0.00,11.3,13.86
2024-01-27,20.6,6.9,12.5,17.9,77,8.0,0.00,16.8,14.63
2024-01-28,20.3,7.0,13.8,19.2,79,10.0,0.00,13.8,11.52
2024-01-29,21.3,9.5,14.5,21.9,85,11.8,0.00,12.2,14.27
2024-01-30,20.5,10.0,13.8,21.0,89,11.8,0.00,9.4,13.03
2024-01-31,20.2,9.9,14.0,20.7,92,12.6,9.00,14.5,9.17
2024-02-01,21.2,12.2,15.4,21.3,86,12.9,30.00,21.5,10.42
2024-02-02,19.3,8.5,13.0,17.7,84,9.9,0.00,15.5,14.60
2024-02-03,20.7,8.2,14.1,20.0,70,8.3,0.00,11.5,13.17
2024-02-04,20.7,12.9,16.0,20.9,85,13.4,7.10,16.2,9.10
2024-02-05,19.8,10.3,15.1,19.4,83,11.9,2.10,12.2,13.92
2024-02-06,18.7,7.5,12.2,16.0,75,7.2,0.00,15.6,16.33
2024-02-07,18.4,7.9,12.5,14.9,66,5.9,0.00,23.7,16.05
2024-02-08,19.1,8.2,13.1,14.9,64,6.0,0.00,27.4,16.61
2024-02-09,20.5,8.1,13.4,19.2,66,6.8,0.00,15.7,16.78
2024-02-10,19.7,7.2,13.1,18.8,78,9.0,0.00,11.8,15.33
2024-02-11,21.5,8.1,14.1,20.8,75,9.2,0.00,9.7,16.79
2024-02-12,21.5,7.7,14.3,21.4,75,9.4,0.00,9.7,14.76
2024-02-13,21.2,8.5,14.9,20.7,73,9.6,0.00,10.5,13.90
2024-02-14,22.7,9.6,15.8,21.7,74,10.6,0.00,13.6,17.04
2024-02-15,23.6,9.7,15.8,22.2,69,9.3,0.00,15.0,17.36
2024-02-16,24.5,8.6,15.7,22.6,64,7.7,0.00,12.8,17.85
2024-02-17,24.6,9.7,16.2,22.1,61,7.7,0.00,14.9,17.99
2024-02-18,27.1,10.0,18.6,25.5,59,9.4,0.00,15.9,17.40
2024-02-19,26.8,14.7,20.3,24.4,61,12.3,0.00,28.5,17.04
2024-02-20,27.3,15.3,20.2,26.9,66,12.5,0.20,20.0,16.74
2024-02-21,25.9,12.2,18.5,23.7,58,7.7,0.00,17.3,18.25
2024-02-22,24.0,10.9,17.4,21.3,51,5.9,0.00,16.7,18.19
2024-02-23,22.8,8.5,15.6,19.9,48,3.6,0.00,15.2,18.88
2024-02-24,23.4,9.3,16.2,21.9,45,3.6,0.00,12.1,16.51
2024-02-25,25.0,10.5,17.3,23.2,39,1.9,0.00,17.7,17.94
2024-02-26,24.6,11.1,17.6,22.2,46,4.9,0.00,12.0,14.20
2024-02-27,24.5,14.1,18.0,22.4,46,5.7,0.90,16.0,16.51
2024-02-28,24.0,11.4,17.3,21.1,57,8.0,0.00,20.7,19.22
2024-02-29,26.3,12.0,18.4,24.7,56,8.6,0.00,13.2,19.57
2024-03-01,26.5,13.9,20.0,25.6,60,11.7,1.70,16.0,14.26
2024-03-02,24.7,17.3,19.8,22.6,74,14.8,6.50,33.4,12.99
2024-03-03,22.7,13.4,17.6,23.2,70,11.2,10.40,15.4,19.22
2024-03-04,21.7,11.1,15.8,19.1,62,6.5,0.00,14.7,20.51
2024-03-05,20.9,8.9,14.7,18.6,54,5.0,0.00,15.6,20.52
2024-03-06,21.1,9.2,15.1,18.8,56,6.0,0.00,15.3,16.39
2024-03-07,24.2,10.1,17.1,22.5,56,7.4,0.00,15.1,19.93
2024-03-08,25.4,11.3,17.9,23.4,53,7.3,0.00,16.8,20.67
2024-03-09,25.2,11.8,17.9,23.0,50,6.7,0.00,17.4,21.11
2024-03-10,26.6,12.0,19.2,25.6,51,7.9,0.00,11.6,20.25
2024-03-11,29.5,14.8,22.3,29.6,47,9.4,0.00,13.8,20.42
2024-03-12,29.1,13.9,21.9,28.1,47,9.1,0.00,16.9,20.86
2024-03-13,29.4,13.9,21.4,28.7,52,10.3,0.20,18.2,19.58
2024-03-14,29.2,14.1,21.6,28.4,53,10.0,0.00,15.8,20.93
2024-03-15,27.2,14.3,20.3,24.9,43,6.4,0.00,16.9,22.00
2024-03-16,27.6,12.7,19.7,26.7,45,6.1,0.00,12.9,21.57
2024-03-17,28.8,11.8,20.5,27.8,46,7.5,0.00,11.5,21.21
2024-03-18,28.5,13.0,20.6,27.6,48,8.2,0.00,13.0,22.39
2024-03-19,29.8,13.6,21.5,28.7,45,7.7,0.00,16.3,22.01
2024-03-20,32.0,14.2,23.2,31.1,44,8.4,0.00,11.6,22.31
2024-03-21,29.2,16.9,22.7,29.7,55,12.7,0.00,18.7,21.61
2024-03-22,32.4,17.8,24.8,33.2,51,12.8,0.00,13.3,21.86
2024-03-23,33.8,18.1,25.7,32.1,46,11.4,0.00,19.6,22.41
2024-03-24,31.0,18.6,24.4,28.3,45,10.9,0.10,35.3,17.04
2024-03-25,32.8,16.6,25.0,32.2,47,11.5,0.00,21.2,22.40
2024-03-26,33.6,18.5,26.0,32.6,42,11.1,0.00,14.2,18.51
2024-03-27,36.4,21.6,28.4,36.8,41,12.5,0.00,20.4,20.08
2024-03-28,37.0,21.9,29.0,38.1,41,13.5,0.00,16.3,21.03
2024-03-29,36.5,20.9,28.2,37.8,46,14.7,0.00,19.4,20.21
2024-03-30,35.2,22.8,28.4,36.7,39,12.3,0.00,19.2,21.37
2024-03-31,34.4,20.0,27.4,34.1,36,10.0,0.00,21.4,22.26
2024-04-01,31.3,18.7,24.9,29.1,38,8.4,0.00,20.8,20.99
2024-04-02,32.9,17.1,25.3,30.2,33,6.5,0.00,21.4,22.85
2024-04-03,35.9,21.8,28.3,34.7,24,4.9,0.00,18.8,21.42
2024-04-04,36.4,20.5,29.2,35.1,26,6.0,0.00,18.0,22.65
2024-04-05,35.6,21.2,28.2,32.5,24,5.2,0.00,28.2,18.55
2024-04-06,35.0,19.6,27.3,31.7,21,2.2,0.00,21.3,23.91
2024-04-07,35.4,17.5,26.9,32.2,21,0.8,0.00,21.1,24.46
2024-04-08,36.8,19.0,28.0,34.3,20,1.1,0.00,20.0,24.00
2024-04-09,37.8,19.9,29.0,36.0,18,0.5,0.00,16.6,22.81
2024-04-10,38.6,19.8,28.9,37.4,21,3.1,0.00,13.4,22.85
2024-04-11,38.0,22.2,30.0,37.4,21,4.1,0.00,14.2,23.27
2024-04-12,38.8,21.8,30.5,37.3,21,4.3,0.00,11.3,23.17
2024-04-13,38.5,25.3,30.8,36.7,27,7.8,1.20,16.0,21.39
2024-04-14,33.8,22.8,27.5,33.9,45,14.0,0.50,15.5,14.43
2024-04-15,36.3,22.3,28.8,37.4,48,15.3,1.30,20.9,19.34
2024-04-16,35.7,23.5,29.8,34.6,36,11.8,0.00,21.6,23.53
2024-04-17,35.3,22.2,29.3,32.2,27,6.4,0.00,29.3,24.44
2024-04-18,37.8,23.7,30.9,36.8,24,7.6,0.00,17.3,23.13
2024-04-19,38.3,24.6,31.7,37.3,29,10.9,0.00,18.9,22.18
2024-04-20,36.7,22.3,30.0,35.5,28,8.8,0.00,21.1,22.16
2024-04-21,36.6,23.6,30.1,34.9,27,8.2,0.00,17.6,19.77
2024-04-22,37.0,24.5,31.1,35.3,25,7.4,0.00,25.5,21.86
2024-04-23,38.0,22.6,30.0,36.8,26,7.0,0.00,23.2,23.53
2024-04-24,36.9,21.0,29.8,34.9,28,7.5,0.00,21.9,24.20
2024-04-25,38.3,21.5,30.0,35.2,24,6.3,0.00,23.7,24.60
2024-04-26,39.2,23.4,32.2,38.3,23,7.4,0.00,32.9,22.78
2024-04-27,37.9,26.0,32.0,35.7,27,9.6,0.00,21.3,23.04
2024-04-28,37.5,22.7,30.6,36.9,28,8.6,0.00,17.0,22.85
2024-04-29,38.1,23.6,30.8,37.6,26,8.4,0.00,23.7,23.27
2024-04-30,36.2,23.3,29.7,34.0,25,5.6,0.00,19.0,25.05
2024-05-01,32.7,20.5,26.9,28.8,22,2.4,0.00,23.6,25.05
2024-05-02,35.0,19.3,27.6,32.2,26,5.5,0.00,19.5,24.83
2024-05-03,38.1,20.7,30.2,34.2,22,4.8,0.00,23.9,23.98
2024-05-04,40.6,26.5,33.0,38.5,19,5.0,0.00,16.4,23.07
2024-05-05,40.9,25.0,33.3,39.2,20,6.3,0.00,19.2,24.29
2024-05-06,40.6,26.0,33.8,38.3,22,8.1,0.00,23.6,23.37
2024-05-07,41.4,26.2,34.0,41.2,25,9.8,0.00,18.1,22.52
2024-05-08,39.7,27.0,32.7,40.7,39,16.0,0.00,21.1,22.05
2024-05-09,39.6,26.2,32.5,41.6,37,15.0,0.00,25.3,23.12
2024-05-10,39.5,26.0,32.1,42.8,43,17.6,1.10,20.9,22.18
2024-05-11,38.8,26.0,31.9,40.1,42,16.5,0.10,18.5,20.51
2024-05-12,37.8,27.5,32.3,38.5,38,15.4,0.10,15.9,20.92
2024-05-13,40.3,27.2,33.0,39.7,29,11.1,0.00,16.4,20.44
2024-05-14,40.7,24.6,32.8,38.8,21,6.1,0.00,20.5,23.89
2024-05-15,42.3,25.4,34.2,39.7,19,5.7,0.00,17.8,24.08
2024-05-16,42.7,26.5,34.5,41.3,18,6.1,0.00,18.0,24.07
2024-05-17,44.0,28.1,36.3,42.0,18,6.7,0.00,16.3,23.58
2024-05-18,44.0,27.1,37.0,41.9,19,8.2,0.00,26.6,23.38
2024-05-19,44.9,27.7,36.7,42.9,17,6.6,0.00,26.4,23.80
2024-05-20,43.6,29.1,36.4,42.5,19,8.1,0.00,28.3,22.98
2024-05-21,42.6,29.1,35.2,44.3,28,13.1,0.00,15.8,23.19
2024-05-22,41.1,29.8,35.2,42.9,36,17.5,0.30,24.4,21.86
2024-05-23,41.1,30.5,35.7,42.9,36,17.4,0.00,22.9,21.07
2024-05-24,40.9,30.4,35.6,43.2,36,17.5,0.00,20.6,22.20
2024-05-25,44.4,30.6,37.4,43.9,27,13.8,0.00,27.4,22.17
2024-05-26,46.0,29.5,38.1,43.6,17,8.1,0.00,25.9,24.34
2024-05-27,45.7,30.2,38.2,44.1,18,7.6,0.00,22.1,24.18
2024-05-28,45.8,28.9,37.3,43.7,14,3.6,0.00,19.2,24.91
2024-05-29,45.7,31.1,38.6,45.7,18,9.0,0.00,17.9,22.34
2024-05-30,45.8,33.0,39.2,43.4,16,5.8,0.00,25.2,24.03
2024-05-31,45.9,28.5,37.6,42.2,12,2.2,0.00,25.5,24.19
2024-06-01,44.0,31.3,37.4,41.4,17,7.5,0.00,26.4,16.60
2024-06-02,41.4,30.5,36.4,44.2,25,12.1,0.00,20.7,21.43
2024-06-03,44.4,29.6,36.9,42.7,25,11.2,0.00,20.2,23.08
2024-06-04,43.1,30.9,36.9,42.4,19,9.0,0.00,24.1,22.00
2024-06-05,41.7,30.2,36.6,41.3,23,12.1,0.00,25.4,20.70
2024-06-06,40.8,28.2,35.0,40.8,28,13.2,0.00,20.0,23.28
2024-06-07,42.2,28.9,35.2,40.9,30,14.1,0.00,22.4,23.05
2024-06-08,40.2,28.3,34.7,38.0,27,12.4,0.00,25.6,22.52
2024-06-09,42.2,28.3,35.1,40.0,23,8.9,0.00,19.8,24.13
2024-06-10,43.0,27.9,36.0,41.0,18,7.4,0.00,22.2,23.78
2024-06-11,43.2,28.9,36.3,41.9,19,8.3,0.00,20.0,23.28
2024-06-12,44.1,28.8,36.9,42.0,17,7.3,0.00,18.2,24.13
2024-06-13,44.9,29.6,37.6,42.3,20,9.9,0.00,28.1,23.67
2024-06-14,43.4,32.8,37.5,42.3,28,15.3,0.00,31.5,21.15
2024-06-15,43.3,32.2,37.7,42.0,27,14.7,0.00,28.3,22.45
2024-06-16,44.1,32.8,38.4,42.8,25,14.5,0.00,25.1,22.72
2024-06-17,44.0,33.7,38.9,43.2,25,14.9,0.00,26.8,22.38
2024-06-18,44.2,34.5,38.9,43.9,25,14.4,0.00,30.9,22.42
2024-06-19,41.3,33.7,37.0,43.5,35,18.8,0.80,32.1,18.90
2024-06-20,39.3,25.5,34.0,42.7,45,19.5,4.90,14.5,18.67
2024-06-21,38.3,25.4,32.5,41.7,53,21.1,2.10,28.2,19.31
2024-06-22,38.5,29.9,33.7,41.7,51,21.7,0.00,12.3,16.95
2024-06-23,39.5,30.2,34.5,43.8,51,22.5,0.30,15.5,21.03
2024-06-24,39.5,31.0,34.1,44.4,54,23.1,1.70,15.1,19.38
2024-06-25,36.6,29.8,32.9,41.7,62,24.5,4.00,15.3,15.20
2024-06-26,34.3,26.8,31.0,39.1,73,25.4,23.30,19.4,13.72
2024-06-27,30.4,25.4,28.3,35.1,84,25.2,11.50,21.7,8.14
2024-06-28,30.6,25.6,27.8,36.3,85,25.0,20.90,14.8,8.42
2024-06-29,32.9,26.5,29.3,39.6,80,25.4,18.90,11.7,14.79
2024-06-30,34.8,26.8,30.7,41.3,74,25.5,11.90,15.6,20.37
2024-07-01,34.1,25.9,30.1,40.4,79,25.8,11.50,11.8,16.90
2024-07-02,33.6,26.4,29.3,40.5,84,26.1,14.10,14.9,11.43
2024-07-03,32.9,26.0,29.3,39.9,83,26.0,2.50,16.1,13.37
2024-07-04,31.6,25.5,28.0,36.7,83,24.7,7.30,11.3,12.44
2024-07-05,30.4,26.2,27.8,35.9,85,24.9,0.70,16.2,11.26
2024-07-06,33.0,26.0,28.6,39.3,80,24.7,1.00,15.8,17.96
2024-07-07,33.5,25.6,28.6,39.5,76,23.7,0.10,14.2,19.60
2024-07-08,33.2,25.3,28.9,38.7,76,24.0,0.00,11.4,19.23
2024-07-09,32.4,26.2,29.5,39.7,80,25.6,4.90,11.4,19.36
2024-07-10,34.1,26.5,30.4,41.9,79,26.2,11.30,14.8,19.57
2024-07-11,36.4,26.8,31.2,43.2,76,26.2,3.90,21.0,21.61
2024-07-12,35.3,27.0,30.3,42.1,74,25.1,0.50,23.4,19.09
2024-07-13,34.3,25.2,29.9,41.0,77,25.2,12.40,11.7,21.97
2024-07-14,34.9,27.0,31.1,42.3,72,25.3,0.30,8.5,21.69
2024-07-15,33.2,25.5,30.2,39.4,76,25.3,3.00,21.4,18.42
2024-07-16,34.3,25.6,30.7,41.4,77,26.1,17.00,15.5,21.57
2024-07-17,34.7,28.2,31.2,41.7,75,26.2,0.20,13.7,21.42
2024-07-18,34.7,27.7,31.2,42.0,76,26.3,2.00,12.1,20.21
2024-07-19,34.4,27.3,30.5,41.2,77,25.8,0.90,12.0,20.47
2024-07-20,35.1,27.1,31.0,41.7,75,25.8,0.20,13.0,21.72
2024-07-21,34.8,27.2,31.1,41.6,78,26.6,1.90,16.3,20.35
2024-07-22,34.6,27.8,31.0,41.3,78,26.4,5.00,10.9,19.04
2024-07-23,34.8,27.0,30.4,42.9,80,26.4,4.30,14.9,19.98
2024-07-24,33.7,26.4,29.5,40.5,82,26.0,6.90,9.5,15.43
2024-07-25,34.7,27.2,30.8,43.0,76,26.0,0.60,11.1,20.44
2024-07-26,33.0,27.4,29.9,38.9,81,26.1,10.20,13.0,12.59
2024-07-27,34.0,28.0,30.5,41.7,81,26.7,4.50,16.1,15.63
2024-07-28,35.1,28.6,31.4,41.3,77,26.7,6.00,15.7,19.10
2024-07-29,35.7,28.3,31.8,41.6,73,26.0,0.30,15.8,19.83
2024-07-30,36.4,29.0,32.8,42.6,70,26.3,0.10,13.7,19.84
2024-07-31,37.1,26.5,31.0,46.2,78,26.5,116.00,17.4,20.27
2024-08-01,31.2,25.5,28.2,37.5,85,25.3,34.70,17.8,13.72
2024-08-02,32.2,25.5,28.4,37.0,83,25.2,3.00,17.6,16.91
2024-08-03,32.4,26.0,28.9,37.5,82,25.5,1.90,20.9,16.73
2024-08-04,33.5,26.9,29.7,36.8,74,24.4,0.10,25.9,21.03
2024-08-05,32.6,26.4,29.0,36.3,76,24.3,1.20,31.0,18.60
2024-08-06,31.8,26.4,29.0,36.0,76,24.3,0.10,14.7,14.77
2024-08-07,30.1,25.5,27.3,36.4,86,24.7,16.40,11.2,8.84
2024-08-08,31.5,25.5,27.6,37.1,87,25.1,10.80,12.3,14.96
2024-08-09,31.8,25.3,27.8,38.7,87,25.2,30.80,8.4,17.13
2024-08-10,31.3,24.9,27.6,37.8,87,25.2,16.70,9.8,15.67
2024-08-11,30.9,25.6,27.3,37.0,89,25.2,11.40,11.1,12.93
2024-08-12,30.0,25.6,26.7,36.5,91,25.1,10.90,13.6,9.98
2024-08-13,30.8,25.2,27.3,36.7,90,25.4,9.10,15.1,13.55
2024-08-14,30.7,25.9,28.0,37.1,89,26.0,7.80,10.8,12.98
2024-08-15,32.2,25.9,28.4,39.7,87,25.9,10.90,14.1,18.67
2024-08-16,32.3,25.5,27.8,39.1,88,25.5,15.00,15.5,16.88
2024-08-17,31.9,25.7,28.5,38.6,86,25.7,7.70,9.6,17.16
2024-08-18,32.7,26.2,29.1,39.2,83,25.7,2.30,14.7,18.96
2024-08-19,32.7,26.2,29.0,39.7,82,25.4,1.60,17.0,20.04
2024-08-20,31.6,26.4,28.2,39.8,85,25.4,4.30,12.7,15.71
2024-08-21,32.0,25.1,28.4,39.9,86,25.6,5.40,8.7,20.40
2024-08-22,32.8,24.7,28.2,41.9,86,25.5,7.00,10.7,20.91
2024-08-23,30.7,24.9,27.4,36.6,86,24.8,0.90,10.5,12.93
2024-08-24,31.5,25.3,28.3,38.2,84,25.3,8.80,16.6,15.82
2024-08-25,32.2,24.9,28.8,37.1,79,24.6,15.20,22.0,21.05
2024-08-26,31.6,26.0,28.2,36.2,83,24.8,3.80,22.7,19.26
2024-08-27,31.2,24.3,27.2,35.6,85,24.4,11.10,24.1,18.99
2024-08-28,30.3,24.2,26.8,35.8,87,24.4,7.90,16.2,17.06
2024-08-29,30.9,24.4,26.9,35.8,87,24.5,19.50,19.4,14.40
2024-08-30,31.3,25.0,27.5,39.2,88,25.3,7.50,9.1,16.53
2024-08-31,33.3,25.6,29.2,39.1,79,24.9,0.00,13.3,21.44
2024-09-01,33.5,25.9,29.6,39.8,76,24.8,0.10,13.9,20.92
2024-09-02,31.5,25.1,28.0,37.5,84,24.9,11.70,14.1,13.71
2024-09-03,31.6,25.4,27.4,38.3,87,24.9,17.80,13.4,16.25
2024-09-04,30.8,24.4,27.2,37.2,87,24.7,0.90,10.6,16.26
2024-09-05,31.6,24.8,27.5,38.5,84,24.4,2.90,12.8,19.82
2024-09-06,30.6,24.2,26.5,36.2,89,24.5,14.70,15.6,15.36
2024-09-07,30.4,24.1,26.8,36.9,88,24.5,23.60,11.8,13.35
2024-09-08,31.3,24.4,27.6,38.4,87,25.1,14.10,10.3,16.43
2024-09-09,32.7,25.2,28.4,38.9,82,24.7,3.40,13.2,20.12
2024-09-10,30.7,24.9,27.2,39.1,89,25.2,11.80,11.5,14.03
2024-09-11,31.7,25.0,27.5,38.9,89,25.5,26.70,16.6,15.07
2024-09-12,27.2,23.9,25.4,31.6,91,23.9,100.80,24.4,3.41
2024-09-13,30.0,23.3,25.4,35.4,89,23.5,54.70,22.7,13.41
2024-09-14,29.9,22.6,26.0,34.2,84,22.9,4.70,18.7,17.60
2024-09-15,31.2,22.5,26.4,34.9,79,22.3,0.10,19.8,20.44
2024-09-16,32.1,23.7,27.2,35.2,73,21.6,0.00,17.3,20.96
2024-09-17,31.5,23.9,27.6,36.0,74,22.4,0.00,11.6,16.07
2024-09-18,27.7,22.8,24.9,31.7,86,22.4,62.70,17.9,7.92
2024-09-19,29.8,22.8,26.2,34.3,85,23.4,3.70,15.7,16.27
2024-09-20,31.1,24.0,27.2,35.7,80,23.3,0.00,12.2,18.75
2024-09-21,31.6,24.8,27.9,36.9,79,23.8,0.20,9.2,16.21
2024-09-22,33.1,25.3,29.0,39.2,77,24.4,0.00,6.9,18.88
2024-09-23,33.3,25.1,28.9,40.1,78,24.6,0.00,10.7,20.12
2024-09-24,33.6,25.2,29.3,40.9,77,24.6,0.00,6.9,19.65
2024-09-25,33.0,26.4,29.0,39.0,81,25.4,0.40,16.1,17.94
2024-09-26,31.4,25.3,27.9,36.7,82,24.4,0.40,13.2,14.75
2024-09-27,30.9,24.8,27.3,36.4,80,23.4,0.80,16.0,17.57
2024-09-28,30.5,23.1,26.3,34.4,81,22.6,0.00,11.6,14.26
2024-09-29,30.7,22.6,26.4,34.7,83,23.1,0.30,10.1,13.82
2024-09-30,32.7,23.5,27.7,35.9,77,23.1,0.00,15.2,17.95
2024-10-01,33.2,24.0,28.3,37.7,76,23.5,0.00,14.9,19.34
2024-10-02,34.6,24.7,28.9,37.7,73,23.0,0.00,17.7,19.49
2024-10-03,33.9,24.5,28.6,37.4,66,21.3,0.00,18.4,19.57
2024-10-04,33.5,23.8,28.3,37.4,68,21.6,0.00,13.4,19.20
2024-10-05,33.6,24.2,28.4,37.0,66,21.2,0.00,17.8,17.84
2024-10-06,33.6,23.7,27.8,37.1,65,20.4,0.00,15.9,18.34
2024-10-07,32.4,21.9,26.7,35.9,71,20.6,0.00,9.1,18.52
2024-10-08,32.5,22.2,27.0,35.6,70,20.5,0.00,10.0,18.08
2024-10-09,32.2,20.6,26.5,34.6,65,18.9,0.00,14.8,18.26
2024-10-10,32.3,21.0,26.1,33.2,60,17.2,0.00,13.9,18.26
2024-10-11,31.7,19.1,25.0,32.1,56,15.3,0.00,13.7,18.47
2024-10-12,32.0,19.1,25.3,33.1,61,16.6,0.00,10.6,18.31
2024-10-13,32.1,19.7,26.0,33.1,57,15.9,0.00,8.7,17.96
2024-10-14,31.8,20.5,25.7,32.9,55,15.5,0.00,10.4,17.82
2024-10-15,31.9,19.4,25.2,32.6,57,15.5,0.00,13.1,17.71
2024-10-16,32.4,19.6,25.7,33.4,57,16.1,0.00,9.0,16.28
2024-10-17,32.8,20.6,26.3,35.6,63,18.1,0.00,9.2,16.90
2024-10-18,33.4,20.1,26.1,35.8,65,18.2,0.00,10.1,17.11
2024-10-19,33.7,21.0,26.8,36.4,63,18.6,0.00,9.9,16.98
2024-10-20,33.0,20.2,26.5,35.1,68,19.2,0.00,10.5,16.44
2024-10-21,32.3,20.0,25.6,35.5,70,19.2,0.00,9.1,16.52
2024-10-22,31.5,20.1,25.6,33.3,67,18.5,0.00,9.5,16.45
2024-10-23,32.1,20.1,26.1,32.2,61,17.2,0.00,17.5,16.22
2024-10-24,32.6,20.2,25.5,33.7,59,16.6,0.00,14.8,16.38
2024-10-25,32.1,19.1,25.0,32.5,61,16.4,0.00,17.9,16.30
2024-10-26,31.6,19.0,24.6,32.5,66,17.3,0.00,13.2,16.13
2024-10-27,31.1,20.4,25.2,33.9,74,19.6,0.00,8.5,15.78
2024-10-28,31.4,21.0,25.7,33.7,71,19.5,0.00,10.9,15.62
2024-10-29,32.9,20.6,26.4,35.9,70,19.9,0.00,8.9,15.47
2024-10-30,34.3,21.3,27.0,36.1,65,18.8,0.00,12.4,15.43
2024-10-31,32.8,20.8,26.1,32.8,63,17.6,0.00,18.0,15.26
2024-11-01,32.0,19.3,24.9,30.2,53,13.7,0.00,17.6,15.67
2024-11-02,31.7,17.7,24.4,32.2,54,13.9,0.00,10.7,15.13
2024-11-03,31.3,18.2,24.4,31.0,54,13.6,0.00,9.3,15.22
2024-11-04,30.4,17.5,23.7,31.2,62,15.4,0.00,9.5,14.91
2024-11-05,29.4,18.1,23.4,31.9,71,17.4,0.00,10.5,14.54
2024-11-06,30.2,18.1,23.9,31.5,67,16.9,0.00,8.9,14.44
2024-11-07,30.1,19.0,24.2,31.7,67,17.1,0.00,7.4,14.22
2024-11-08,30.3,19.0,24.6,32.4,66,17.5,0.00,8.1,14.14
2024-11-09,30.6,19.7,24.5,32.0,68,17.6,0.00,11.4,13.80
2024-11-10,30.2,19.3,24.3,31.9,69,17.9,0.00,9.6,13.92
2024-11-11,29.8,18.5,23.9,31.9,74,18.5,0.00,8.0,13.72
2024-11-12,31.2,19.0,24.9,31.2,60,15.2,0.00,15.0,13.91
2024-11-13,30.0,18.8,24.1,29.2,56,14.0,0.00,10.5,13.99
2024-11-14,30.0,19.0,24.1,29.7,55,13.6,0.00,9.6,13.53
2024-11-15,29.0,18.7,23.7,27.4,51,12.3,0.00,12.6,13.59
2024-11-16,28.8,17.6,23.3,27.7,55,13.0,0.00,10.5,13.36
2024-11-17,28.5,18.0,22.9,28.1,58,13.7,0.00,8.9,13.20
2024-11-18,26.4,15.9,20.8,25.3,60,12.0,0.00,7.8,13.46
2024-11-19,25.9,14.2,20.1,23.8,51,8.8,0.00,8.7,13.52
2024-11-20,25.9,13.6,19.8,23.7,50,8.1,0.00,8.3,13.56
2024-11-21,25.8,13.6,19.7,23.8,51,8.5,0.00,7.7,13.41
2024-11-22,26.3,14.0,20.3,24.8,54,10.0,0.00,7.0,13.12
2024-11-23,27.5,14.1,20.9,25.9,51,9.4,0.00,6.0,12.98
2024-11-24,27.7,15.7,21.4,25.5,48,9.4,0.00,10.6,13.00
2024-11-25,25.9,15.1,20.6,24.5,57,11.4,0.00,11.0,13.00
2024-11-26,25.6,13.9,19.7,23.5,56,9.7,0.00,10.4,12.96
2024-11-27,26.0,13.6,19.8,23.9,49,7.9,0.00,8.1,12.97
2024-11-28,25.5,12.8,19.4,23.4,50,8.0,0.00,6.5,13.02
2024-11-29,24.6,12.5,18.9,23.7,59,10.1,0.00,5.1,12.69
2024-11-30,24.9,12.4,18.9,23.2,60,10.2,0.00,8.0,12.54
2024-12-01,24.8,14.0,19.4,23.5,61,11.2,0.00,8.1,12.36
2024-12-02,25.8,13.3,19.5,24.2,58,10.2,0.00,7.1,12.52
2024-12-03,26.5,13.5,20.1,24.3,56,10.3,0.00,10.7,12.42
2024-12-04,25.6,15.2,20.1,23.1,50,8.8,0.00,14.2,12.47
2024-12-05,23.6,12.0,17.8,20.1,45,4.8,0.00,12.7,12.90
2024-12-06,23.5,11.3,17.5,20.9,47,5.7,0.00,12.0,12.62
2024-12-07,23.1,9.7,16.9,20.4,44,3.4,0.00,5.0,12.77
2024-12-08,22.3,11.0,16.1,19.6,56,6.9,1.50,13.1,11.88
2024-12-09,20.2,10.4,15.3,19.3,65,8.4,0.00,8.7,12.25
2024-12-10,20.1,9.8,14.5,16.2,53,3.8,0.00,13.0,12.66
2024-12-11,20.2,8.2,13.9,16.8,47,2.3,0.00,10.5,12.77
2024-12-12,20.5,7.7,14.2,17.3,52,3.9,0.00,10.1,12.69
2024-12-13,20.6,9.2,14.8,16.6,48,3.1,0.00,15.1,12.81
2024-12-14,20.7,8.6,14.6,17.3,44,2.2,0.00,12.5,12.66
2024-12-15,21.1,7.3,14.3,18.5,51,3.6,0.00,6.5,12.70
2024-12-16,21.0,7.0,14.2,19.5,67,7.5,0.00,5.9,12.47
2024-12-17,20.6,7.7,14.2,19.6,74,8.9,0.00,4.4,11.21
2024-12-18,20.9,7.6,14.0,19.3,69,7.6,0.00,7.2,12.18
2024-12-19,20.8,8.0,14.5,18.4,62,6.5,0.00,8.3,12.34
2024-12-20,23.2,10.2,16.2,21.3,62,8.0,0.00,6.5,12.04
2024-12-21,22.1,9.2,15.5,19.9,65,8.0,0.00,7.3,12.23
2024-12-22,22.5,10.5,16.3,20.7,60,7.7,0.00,7.2,12.27
2024-12-23,17.6,11.6,14.5,16.0,68,8.7,1.40,10.1,5.59
2024-12-24,18.7,11.4,14.7,17.9,77,10.4,0.50,8.9,8.92
2024-12-25,20.6,10.8,15.1,19.5,78,10.8,0.00,7.6,11.76
2024-12-26,22.6,9.9,16.1,21.7,68,9.4,0.00,4.8,12.08
2024-12-27,17.1,13.8,15.1,16.7,84,12.4,29.90,11.3,4.15
2024-12-28,18.1,12.3,14.9,18.5,89,13.1,4.60,7.8,5.94
2024-12-29,18.3,10.6,13.7,17.4,86,11.3,0.00,9.6,11.23
2024-12-30,18.1,9.6,12.7,17.5,87,10.5,0.00,11.0,11.02
2024-12-31,16.1,7.5,11.3,15.5,89,9.4,0.00,5.1,10.22
2025-01-01,16.8,7.7,11.1,16.1,89,9.3,0.00,9.4,11.00
2025-01-02,18.2,8.5,12.4,17.4,85,9.8,0.00,10.1,12.23
2025-01-03,19.6,8.6,12.8,19.7,86,10.3,0.00,6.1,11.18
2025-01-04,21.1,8.4,13.5,22.2,89,11.5,0.00,7.3,11.72
2025-01-05,18.1,9.2,12.4,18.1,90,10.7,0.00,9.1,11.33
2025-01-06,18.0,8.8,13.0,17.9,89,11.1,4.90,9.3,11.73
2025-01-07,17.5,10.2,13.0,16.5,88,11.0,0.00,13.8,8.92
2025-01-08,18.4,8.7,12.7,16.3,75,8.1,0.00,11.1,13.07
2025-01-09,18.7,8.0,12.8,18.2,77,8.6,0.00,4.9,13.04
2025-01-10,17.9,7.9,12.1,17.3,85,9.5,0.00,6.4,12.50
2025-01-11,16.8,8.0,12.2,17.3,88,10.1,3.90,14.1,8.96
2025-01-12,18.0,9.8,13.2,18.3,87,11.1,0.10,6.2,10.82
2025-01-13,19.0,9.2,13.4,18.6,86,10.8,0.00,8.6,13.00
2025-01-14,18.2,8.7,13.2,18.0,83,10.2,0.00,8.1,13.40
2025-01-15,18.4,9.1,13.0,18.1,87,10.8,2.90,6.3,11.87
2025-01-16,18.0,11.1,13.9,17.8,84,11.0,0.70,6.2,10.14
2025-01-17,18.9,9.2,13.2,18.1,81,9.7,0.00,9.3,13.87
2025-01-18,17.8,7.8,12.3,17.6,86,9.9,0.00,8.6,11.48
2025-01-19,21.3,8.9,14.6,22.0,86,12.1,0.00,5.5,12.18
2025-01-20,21.9,11.7,16.3,22.1,83,13.3,0.00,10.2,13.64
2025-01-21,21.9,11.1,16.0,21.5,78,11.9,0.00,10.0,14.03
2025-01-22,22.8,10.4,16.2,22.7,75,11.4,0.00,6.6,13.85
2025-01-23,21.9,11.7,16.3,20.6,71,10.4,1.60,11.1,14.29
2025-01-24,20.9,10.4,14.9,18.9,67,8.5,0.00,12.9,14.76
2025-01-25,20.8,9.0,14.2,18.6,63,6.8,0.00,11.6,15.17
2025-01-26,21.0,8.2,14.1,19.1,62,6.4,0.00,10.1,15.35
2025-01-27,21.5,7.8,14.4,19.0,62,6.4,0.00,9.5,15.42
2025-01-28,22.9,8.0,15.3,20.6,58,6.2,0.00,8.3,15.54
2025-01-29,24.0,10.2,16.6,21.8,63,8.6,0.00,9.7,15.15
2025-01-30,24.8,11.3,17.7,23.7,66,10.5,0.00,7.6,15.06
2025-01-31,26.3,12.1,18.8,24.9,65,10.6,0.00,8.1,14.59
2025-02-01,25.5,12.7,19.1,24.3,63,11.0,0.00,15.6,14.61
2025-02-02,23.6,13.7,17.9,22.4,70,11.7,0.00,11.3,15.33
2025-02-03,22.8,10.8,16.4,21.2,66,9.2,1.70,6.5,15.91
2025-02-04,22.9,13.0,17.6,23.4,70,11.8,0.70,8.9,10.86
2025-02-05,21.4,11.9,16.2,19.4,68,9.4,0.30,12.0,16.29
2025-02-06,21.1,11.4,15.9,17.7,51,5.3,0.00,16.8,16.69
2025-02-07,20.8,10.6,15.3,17.7,52,5.1,0.00,17.3,16.68
2025-02-08,23.3,11.1,16.7,20.7,52,6.2,0.00,12.6,16.42
2025-02-09,25.2,10.8,17.8,23.3,59,8.5,0.00,8.1,16.51
2025-02-10,27.2,11.7,19.2,24.9,59,9.2,0.00,7.1,16.16
2025-02-11,27.9,12.3,20.3,27.3,60,11.1,0.00,9.5,16.45
2025-02-12,25.3,13.6,19.2,22.4,51,7.9,0.00,16.2,17.27
2025-02-13,23.6,13.7,18.3,20.8,47,6.3,0.00,16.1,17.58
2025-02-14,24.6,12.3,18.5,21.8,42,5.0,0.00,14.1,17.28
2025-02-15,25.6,13.0,19.9,24.2,46,7.0,0.00,10.3,17.04
2025-02-16,26.6,13.5,20.4,25.7,52,9.4,0.00,8.4,16.12
2025-02-17,28.8,16.2,21.7,27.7,52,9.6,0.00,7.9,17.28
2025-02-18,26.4,16.8,20.9,25.1,53,10.3,0.00,9.6,12.48
2025-02-19,27.0,14.2,20.6,25.1,51,9.1,1.00,8.5,16.47
2025-02-20,23.7,15.1,19.0,22.1,69,12.9,7.10,16.6,14.55
2025-02-21,25.1,13.7,19.0,26.3,71,13.0,0.40,11.2,17.30
2025-02-22,23.9,13.5,18.3,22.5,66,11.1,0.00,11.9,17.54
2025-02-23,25.1,13.3,18.9,24.7,62,10.7,0.00,9.1,18.53
2025-02-24,26.9,13.3,20.1,25.5,57,9.8,0.00,10.3,18.80
2025-02-25,28.1,14.4,21.4,27.4,54,10.2,0.00,7.4,17.29
2025-02-26,30.1,17.9,23.7,30.6,55,13.4,0.00,8.9,16.92
2025-02-27,23.4,19.1,21.1,24.1,70,15.3,1.00,17.1,6.70
2025-02-28,23.4,18.2,20.0,24.4,73,15.0,3.30,12.9,10.39
2025-03-01,24.1,15.5,19.5,26.6,81,16.0,7.70,15.8,15.23
2025-03-02,24.6,15.4,19.1,23.7,67,12.0,0.00,13.2,19.97
2025-03-03,26.9,12.8,19.8,27.2,59,10.8,0.00,7.8,18.94
2025-03-04,24.4,15.6,19.8,24.3,60,11.4,0.00,17.0,18.39
2025-03-05,22.8,12.6,17.8,18.8,45,5.1,0.00,22.7,20.80
2025-03-06,26.6,12.8,19.6,24.2,41,5.5,0.00,14.2,20.82
2025-03-07,28.4,12.5,20.9,27.0,44,6.7,0.00,9.5,20.62
2025-03-08,30.1,14.6,22.4,28.3,43,8.1,0.00,12.0,20.88
2025-03-09,31.8,16.8,24.7,31.1,43,10.1,0.00,11.9,20.48
2025-03-10,31.7,19.0,25.2,31.4,46,11.9,0.00,13.5,20.02
2025-03-11,34.4,19.5,26.9,35.1,46,12.8,0.00,7.1,18.59
2025-03-12,32.9,19.8,26.4,32.7,50,13.9,0.00,12.2,20.13
2025-03-13,32.0,21.0,25.2,33.3,53,14.5,5.90,14.8,19.23
2025-03-14,33.2,19.0,25.7,33.2,51,13.2,0.00,13.6,20.05
2025-03-15,30.3,19.0,24.1,31.3,55,13.9,0.50,15.0,19.14
2025-03-16,29.9,18.0,23.7,30.7,48,10.9,0.10,12.9,20.52
2025-03-17,28.3,17.6,23.1,26.8,44,9.7,0.00,14.0,20.60
2025-03-18,29.9,17.1,23.6,28.9,43,9.4,0.00,11.8,22.07
2025-03-19,32.3,17.7,25.2,31.3,37,8.2,0.00,11.9,21.79
2025-03-20,33.0,19.1,26.2,31.5,32,6.9,0.00,13.9,21.35
2025-03-21,32.0,19.4,25.4,30.0,32,6.5,0.00,15.5,21.73
2025-03-22,31.3,18.0,25.2,29.5,33,6.8,0.00,16.1,20.83
2025-03-23,32.7,18.5,26.0,32.0,34,7.4,0.00,10.3,22.59
2025-03-24,33.9,20.0,27.2,33.4,32,7.6,0.00,8.5,22.54
2025-03-25,36.4,20.9,28.7,36.2,32,8.2,0.00,9.7,22.61
2025-03-26,37.9,21.8,30.0,37.3,29,7.7,0.00,12.2,22.74
2025-03-27,36.2,24.1,30.1,35.5,27,8.5,0.00,12.8,22.51
2025-03-28,31.0,21.8,26.1,28.8,25,3.2,0.00,15.5,23.75
2025-03-29,28.9,16.2,23.0,25.7,22,-0.3,0.00,15.2,21.41
2025-03-30,31.5,17.5,24.8,29.2,22,0.9,0.00,12.6,23.70
2025-03-31,33.9,17.6,26.2,32.0,21,1.3,0.00,13.5,23.92
2025-04-01,33.3,19.0,26.5,31.0,21,1.0,0.00,13.6,24.10
2025-04-02,35.7,18.6,27.7,33.9,22,2.2,0.00,11.8,23.92
2025-04-03,37.4,20.4,29.6,35.5,19,0.8,0.00,9.4,22.19
2025-04-04,37.0,21.7,30.1,35.5,18,1.8,0.00,14.2,23.68
2025-04-05,35.2,22.0,29.0,33.5,22,4.4,0.00,13.8,23.88
2025-04-06,38.1,22.0,30.5,37.0,22,5.0,0.00,10.3,23.90
2025-04-07,39.9,24.4,32.5,39.8,22,7.0,0.00,7.6,23.54
2025-04-08,39.9,25.2,32.8,39.5,22,7.3,0.00,9.7,23.47
2025-04-09,40.7,26.1,33.5,41.6,25,9.9,0.00,12.5,22.20
2025-04-10,38.9,26.6,31.5,40.3,33,12.1,1.40,23.3,19.13
2025-04-11,34.2,22.5,26.3,36.3,60,17.5,8.10,25.8,21.01
2025-04-12,34.8,20.5,26.3,36.2,57,15.9,1.10,9.9,22.30
2025-04-13,35.3,21.1,28.3,36.1,47,14.5,0.00,5.6,23.20
2025-04-14,35.6,22.3,29.3,36.9,42,14.0,0.00,10.1,23.64
2025-04-15,36.6,24.7,30.8,37.6,37,13.9,0.00,10.0,22.52
2025-04-16,38.2,25.6,32.2,39.5,34,13.4,0.00,9.5,22.63
2025-04-17,40.5,26.2,33.3,40.5,32,12.9,0.00,15.8,22.06
2025-04-18,40.8,25.7,32.9,42.6,40,16.1,0.00,15.9,23.56
2025-04-19,39.9,27.4,32.6,40.0,41,16.2,0.00,19.7,22.31
2025-04-20,40.0,27.0,33.1,39.9,37,14.7,0.00,17.4,22.25
2025-04-21,40.4,26.3,33.8,38.9,23,5.0,0.00,11.9,24.24
2025-04-22,39.5,24.6,32.6,36.9,10,-3.6,0.00,12.2,25.46
2025-04-23,39.2,23.8,32.2,36.4,11,-2.4,0.00,13.7,25.33
2025-04-24,40.4,24.4,32.8,38.2,11,-2.7,0.00,15.3,25.25
2025-04-25,41.6,25.3,33.8,39.1,13,-0.4,0.00,14.3,24.96
2025-04-26,41.5,26.0,34.3,39.7,13,0.6,0.00,18.8,22.22
2025-04-27,40.8,28.3,34.5,39.4,14,1.5,0.00,11.2,23.66
2025-04-28,41.1,26.5,33.0,40.2,20,5.8,0.00,17.3,23.66
2025-04-29,37.5,25.0,31.3,38.7,35,13.0,0.00,15.0,23.63
2025-04-30,36.8,26.3,31.5,38.2,37,14.3,0.00,12.3,21.48
2025-05-01,37.6,25.9,31.8,38.5,36,14.0,0.00,14.7,20.33
2025-05-02,28.6,21.7,26.2,31.5,65,18.8,12.40,13.3,13.83
2025-05-03,35.4,24.0,28.3,38.1,54,17.5,3.40,12.3,19.88
2025-05-04,34.8,24.4,29.9,38.5,49,17.7,2.00,11.5,18.70
2025-05-05,35.6,24.2,28.5,37.3,58,18.6,0.10,13.4,19.94
2025-05-06,34.4,22.2,27.4,36.0,62,18.9,0.40,19.3,19.72
2025-05-07,33.3,23.7,27.8,35.2,62,19.3,0.50,10.7,20.03
2025-05-08,32.4,23.9,28.3,34.9,61,19.6,2.70,11.6,19.30
2025-05-09,37.1,25.1,30.7,39.4,49,18.1,1.10,9.8,21.54
2025-05-10,37.1,26.6,30.9,40.3,52,19.3,1.50,18.2,18.65
2025-05-11,38.2,25.1,31.7,39.8,49,18.3,0.00,14.0,22.56
2025-05-12,39.6,25.5,33.0,39.6,35,14.0,0.00,13.5,22.97
2025-05-13,41.3,28.1,34.7,40.3,24,10.5,0.00,18.7,22.72
2025-05-14,41.2,28.5,35.3,40.3,21,9.0,0.00,16.2,23.55
2025-05-15,41.9,29.7,36.2,41.0,21,9.2,0.00,12.2,23.94
2025-05-16,42.7,28.8,35.8,40.8,24,11.1,0.00,18.1,22.67
2025-05-17,42.8,29.2,35.7,42.1,28,13.4,0.00,19.7,21.19
2025-05-18,42.1,29.5,35.2,42.7,31,14.7,0.00,14.4,22.54
2025-05-19,42.0,28.2,34.5,45.0,45,19.9,0.00,12.8,22.12
2025-05-20,42.6,28.0,34.9,44.0,45,19.8,0.00,20.6,22.26
2025-05-21,43.0,29.8,34.8,44.6,45,19.8,0.00,22.6,22.06
2025-05-22,37.0,25.0,31.4,40.1,55,20.9,0.00,14.7,22.63
2025-05-23,38.2,26.4,32.3,41.4,52,20.5,1.50,14.0,22.91
2025-05-24,37.7,28.5,33.4,41.3,48,20.7,0.40,16.8,20.96
2025-05-25,31.2,23.0,28.4,35.6,66,21.2,0.40,16.2,15.35
2025-05-26,35.7,24.1,29.8,39.8,65,21.9,1.80,15.6,21.24
2025-05-27,36.1,26.2,31.2,40.9,62,22.4,0.00,8.8,22.65
2025-05-28,39.5,27.4,33.2,44.3,55,22.0,0.00,11.3,22.06
2025-05-29,40.1,27.6,33.6,43.1,52,21.1,0.30,8.8,18.07
2025-05-30,36.1,27.1,31.6,38.5,49,19.1,0.00,13.2,14.62
2025-05-31,39.7,26.1,31.9,42.5,48,18.1,1.00,14.4,20.15
2025-06-01,37.3,26.4,31.0,39.4,48,17.9,4.20,18.6,15.49
2025-06-02,37.1,24.1,30.9,39.7,48,17.9,0.30,10.3,20.22
2025-06-03,34.6,25.8,30.2,36.1,46,16.9,0.00,12.3,16.63
2025-06-04,36.4,24.5,28.8,39.8,55,18.3,0.30,19.8,19.40
2025-06-05,37.2,24.4,30.9,38.9,46,16.8,0.00,9.4,23.03
2025-06-06,37.8,25.9,32.7,39.3,40,16.7,0.00,10.2,22.43
2025-06-07,41.2,28.0,34.7,43.0,37,17.2,0.00,10.4,22.68
2025-06-08,42.8,29.6,36.6,44.4,35,17.8,0.00,14.6,22.91
2025-06-09,43.7,30.0,37.5,44.2,29,14.9,0.00,16.5,23.99
2025-06-10,43.1,30.1,37.4,42.7,22,11.5,0.00,14.4,24.15
2025-06-11,43.6,30.1,37.1,45.1,32,16.7,0.00,11.6,23.82
2025-06-12,43.1,31.1,36.8,46.4,45,22.2,0.50,11.7,22.15
2025-06-13,41.1,31.3,36.0,45.6,48,23.0,0.00,13.4,21.56
2025-06-14,42.9,30.6,36.2,46.6,47,22.1,0.30,13.5,21.86
2025-06-15,37.9,29.6,33.8,42.7,53,22.7,1.30,18.5,18.05
2025-06-16,32.0,24.8,29.4,39.2,81,25.6,25.60,13.8,12.21
2025-06-17,33.7,25.2,29.1,41.4,82,25.5,16.90,11.1,20.43
2025-06-18,33.2,24.0,28.9,40.5,79,24.5,5.30,7.8,21.28
2025-06-19,32.7,27.0,29.7,38.4,77,25.1,0.10,9.9,19.62
2025-06-20,31.7,25.5,28.7,37.6,84,25.6,1.20,13.8,13.51
2025-06-21,34.7,26.2,30.4,41.5,77,25.6,1.60,7.3,21.43
2025-06-22,34.0,28.0,31.0,40.9,74,25.7,0.80,8.1,18.51
2025-06-23,35.7,27.8,31.5,42.8,74,25.8,0.10,8.6,20.98
2025-06-24,36.1,27.3,31.2,43.7,75,26.0,1.10,7.6,19.92
2025-06-25,32.1,26.5,29.1,37.8,84,26.0,12.90,12.0,11.13
2025-06-26,34.5,26.0,30.6,40.9,76,25.7,11.50,11.6,21.81
2025-06-27,33.7,27.7,30.7,40.9,75,25.7,0.50,8.8,20.36
2025-06-28,35.8,25.6,30.8,42.7,74,25.3,8.30,8.5,21.55
2025-06-29,33.4,26.1,29.5,39.2,79,25.3,16.20,12.4,12.75
2025-06-30,31.7,25.4,27.8,39.5,87,25.3,17.30,10.1,14.18
2025-07-01,33.2,25.0,28.7,39.1,84,25.4,9.10,10.1,17.12
2025-07-02,33.2,26.9,29.9,39.8,81,26.1,1.10,10.3,20.73
2025-07-03,33.5,26.6,30.1,40.3,78,25.6,0.90,11.0,21.00
2025-07-04,34.2,26.7,30.3,42.2,78,25.8,0.30,8.4,21.78
2025-07-05,35.2,26.5,30.9,43.1,77,26.0,3.40,7.1,21.16
2025-07-06,35.7,26.7,31.0,43.2,74,25.5,7.40,8.1,20.22
2025-07-07,33.2,25.9,29.0,41.3,83,25.7,13.50,6.6,16.78
2025-07-08,34.0,27.1,30.9,40.7,76,25.9,0.00,9.2,20.46
2025-07-09,31.7,27.0,29.2,38.2,82,25.7,14.90,10.2,13.39
2025-07-10,29.6,25.6,27.5,35.7,85,24.7,3.60,8.5,12.05
2025-07-11,31.6,25.6,28.4,38.3,83,24.9,0.40,4.2,14.50
2025-07-12,33.5,26.5,29.3,41.9,80,25.2,2.70,9.3,21.64
2025-07-13,32.5,26.3,28.2,39.5,87,25.7,18.60,11.0,17.76
2025-07-14,30.5,25.8,28.0,35.8,85,25.3,17.60,18.7,16.86
2025-07-15,32.2,25.6,28.0,36.9,84,24.9,7.30,17.2,17.12
2025-07-16,32.3,25.3,28.7,39.0,83,25.4,8.20,11.8,17.60
2025-07-17,31.1,26.8,28.5,36.2,82,25.0,1.40,12.9,14.14
2025-07-18,31.6,26.4,28.5,37.4,80,24.6,4.10,18.3,20.13
2025-07-19,32.2,25.8,29.0,37.1,77,24.2,0.00,16.6,20.26
2025-07-20,34.3,26.1,30.1,40.1,73,24.4,0.00,8.8,22.13
2025-07-21,31.5,26.6,28.9,37.2,78,24.6,0.40,6.6,10.68
2025-07-22,34.8,26.0,30.1,41.4,74,24.5,0.20,9.0,21.27
2025-07-23,33.2,27.0,29.8,40.1,78,25.4,1.20,10.5,18.89
2025-07-24,35.5,25.4,30.7,41.3,72,24.7,1.50,11.8,22.09
2025-07-25,36.3,26.6,31.8,41.7,68,24.7,0.50,10.6,21.24
2025-07-26,35.4,26.9,31.0,41.8,73,25.4,2.30,11.7,18.78
2025-07-27,36.3,28.8,32.1,42.3,68,25.1,0.90,12.3,22.09
2025-07-28,36.6,28.1,32.1,43.1,67,24.8,1.60,9.7,21.53
2025-07-29,32.9,27.2,29.2,40.6,82,25.8,3.80,7.6,16.31
2025-07-30,31.6,26.2,27.9,37.6,88,25.7,15.30,10.4,15.15
2025-07-31,31.5,25.3,27.7,38.0,88,25.4,29.20,9.9,12.81
2025-08-01,32.0,25.5,28.3,40.2,85,25.5,7.50,10.6,18.18
2025-08-02,32.4,26.0,29.1,38.9,79,24.9,0.90,10.9,18.03
2025-08-03,33.1,26.8,29.7,39.9,77,25.1,0.70,11.8,19.39
2025-08-04,31.0,26.2,28.6,37.2,82,25.2,0.10,12.1,9.27
2025-08-05,30.1,26.9,27.9,35.9,84,25.0,8.30,10.9,9.23
2025-08-06,32.1,26.3,28.7,38.3,80,24.8,0.50,9.0,13.72
2025-08-07,33.9,26.0,29.9,39.6,72,24.1,0.00,12.8,22.85
2025-08-08,33.1,26.4,29.9,38.5,70,23.9,0.00,11.9,14.17
2025-08-09,30.5,26.1,27.8,36.4,84,24.9,8.90,7.2,10.30
2025-08-10,32.1,25.9,28.9,40.4,83,25.6,1.70,5.9,19.50
2025-08-11,33.9,26.6,29.8,40.0,78,25.3,1.60,11.3,17.78
2025-08-12,33.3,26.3,29.2,40.2,80,25.2,3.90,11.4,17.14
2025-08-13,33.4,26.9,30.3,38.7,74,24.9,0.00,8.5,17.34
2025-08-14,29.6,26.3,27.8,35.9,88,25.5,8.20,7.5,9.56
2025-08-15,31.7,25.3,28.4,39.8,86,25.8,4.60,7.0,19.04
2025-08-16,31.2,26.4,28.6,38.1,87,26.1,4.10,8.3,14.55
2025-08-17,32.0,27.3,29.0,39.2,86,26.4,3.60,10.3,16.23
2025-08-18,31.8,27.2,29.2,39.0,83,25.9,9.00,14.2,19.86
2025-08-19,31.9,26.6,29.2,38.9,82,25.7,5.40,11.6,20.35
2025-08-20,32.7,26.8,29.3,38.1,79,25.1,5.60,12.3,18.98
2025-08-21,33.6,25.6,29.7,39.4,78,25.2,13.80,12.8,20.74
2025-08-22,34.2,25.3,30.3,41.2,75,25.1,3.30,7.6,18.44
2025-08-23,32.6,25.6,28.3,39.3,84,25.2,13.20,11.2,16.56
2025-08-24,31.1,25.7,27.6,38.0,87,25.1,11.80,14.7,18.64
2025-08-25,29.0,24.4,26.6,33.9,89,24.6,19.70,15.9,9.85
2025-08-26,29.9,25.1,27.2,35.2,89,25.1,6.70,18.0,13.79
2025-08-27,32.6,25.2,28.4,40.2,86,25.7,1.40,8.4,20.54
2025-08-28,32.4,25.3,28.6,40.3,86,26.0,15.50,9.7,19.18
2025-08-29,31.3,25.0,27.9,38.0,88,25.6,12.60,12.2,14.02
2025-08-30,31.8,26.0,28.4,38.0,84,25.3,3.80,12.3,15.64
2025-08-31,30.0,24.5,26.7,36.5,90,25.0,13.10,15.8,11.55
2025-09-01,29.2,24.0,25.4,35.0,92,24.1,31.50,17.5,11.58
2025-09-02,27.0,23.8,25.0,30.9,93,23.8,21.70,15.6,8.60
2025-09-03,29.4,24.1,26.2,36.3,89,24.1,14.70,10.4,12.70
2025-09-04,31.4,24.2,27.1,38.9,87,24.7,17.70,12.0,16.26
2025-09-05,31.0,25.2,27.6,37.0,85,24.7,4.80,17.0,18.68
2025-09-06,31.2,24.5,27.7,37.7,85,24.9,13.30,14.1,19.12
2025-09-07,31.9,24.8,28.0,38.8,85,25.1,2.30,11.0,20.21
2025-09-08,32.0,25.2,28.6,39.4,81,24.8,0.70,6.1,20.66
2025-09-09,32.4,25.8,29.0,38.7,76,24.2,0.40,10.8,20.31
2025-09-10,33.2,25.6,29.2,37.7,73,23.6,0.00,15.6,20.96
2025-09-11,32.8,24.7,28.9,36.5,69,22.4,0.00,15.2,19.68
2025-09-12,33.5,24.6,29.4,37.7,67,22.3,0.20,11.3,20.19
2025-09-13,35.3,26.3,30.8,39.1,60,21.7,0.90,11.5,18.78
2025-09-14,36.5,27.0,31.9,39.6,57,21.7,0.20,12.1,19.93
2025-09-15,36.4,27.3,32.3,39.7,54,21.2,0.00,13.3,20.74
2025-09-16,36.8,27.3,31.7,40.7,56,21.5,0.10,10.2,20.16
2025-09-17,36.4,26.7,31.2,40.7,61,22.3,0.20,9.5,19.48
2025-09-18,34.9,25.1,30.2,39.6,67,22.9,1.60,8.5,17.81
2025-09-19,35.5,26.8,31.1,38.5,62,22.4,0.70,11.5,18.24
2025-09-20,36.2,26.8,31.5,38.7,56,21.0,0.00,14.8,19.33
2025-09-21,36.4,25.4,31.2,38.4,53,20.0,0.00,14.4,19.77
2025-09-22,36.9,26.1,31.6,38.6,51,19.5,0.00,16.0,20.59
2025-09-23,36.7,26.1,31.5,38.2,47,18.5,0.00,16.7,20.09
2025-09-24,36.1,25.8,31.0,37.6,50,18.8,0.00,15.6,20.75
2025-09-25,36.2,25.9,31.1,38.2,52,19.4,0.00,13.5,20.56
2025-09-26,37.0,25.8,31.6,38.9,52,20.0,0.00,14.0,20.62
2025-09-27,38.7,27.2,32.6,42.7,54,21.4,0.10,6.1,19.28
2025-09-28,36.5,28.3,32.3,40.0,60,23.1,0.00,13.5,18.83
2025-09-29,36.3,27.8,32.0,40.1,58,22.2,0.20,8.6,18.34
2025-09-30,34.8,24.4,30.6,39.0,64,22.5,8.00,14.0,14.23
2025-10-01,33.5,24.5,28.3,38.6,74,23.1,2.80,13.7,17.45
2025-10-02,32.4,24.4,28.4,36.4,72,22.5,1.00,9.1,17.19
2025-10-03,33.6,25.0,29.1,37.7,71,22.7,0.00,8.2,17.27
2025-10-04,34.6,26.3,30.3,36.8,60,21.1,0.10,12.2,18.15
2025-10-05,33.9,23.7,29.2,36.6,60,20.2,0.70,14.0,17.73
2025-10-06,29.2,22.3,24.0,30.9,85,21.1,14.60,14.3,4.91
2025-10-07,28.5,20.7,23.4,32.7,87,20.9,5.20,9.8,15.54
2025-10-08,25.7,20.4,22.7,29.6,86,20.0,0.20,9.2,12.93
2025-10-09,28.2,20.6,23.8,30.3,75,18.7,0.40,8.7,17.34
2025-10-10,28.5,19.4,23.5,30.7,68,16.9,0.00,7.4,18.44
2025-10-11,29.0,19.2,23.9,30.7,68,17.1,0.00,9.3,16.60
2025-10-12,30.7,20.5,25.2,32.3,63,17.2,0.00,9.9,18.16
2025-10-13,31.7,20.4,25.8,33.2,59,16.5,0.00,5.4,18.12
2025-10-14,32.0,21.1,26.4,32.7,52,14.8,0.00,5.1,18.13
2025-10-15,31.9,21.2,26.7,32.3,49,14.2,0.00,6.0,17.87
2025-10-16,31.7,20.2,26.1,32.6,51,14.6,0.00,6.9,17.76
2025-10-17,32.3,20.4,26.5,33.8,54,15.9,0.00,6.3,17.38
2025-10-18,33.2,21.6,27.2,34.6,53,15.9,0.00,5.5,16.77
2025-10-19,33.6,23.0,27.9,35.1,52,16.4,0.00,10.1,16.31
2025-10-20,33.1,22.8,28.1,33.6,49,15.7,0.00,8.5,16.06
2025-10-21,30.4,22.7,26.9,31.5,57,17.2,0.40,7.1,14.73
2025-10-22,32.1,23.5,27.6,33.0,53,16.2,0.00,9.2,15.08
2025-10-23,31.8,21.2,26.6,31.3,42,11.8,0.00,9.7,16.41
2025-10-24,32.2,20.2,25.9,31.8,46,12.2,0.00,6.5,16.60
2025-10-25,31.7,19.7,25.7,31.8,45,11.8,0.00,6.4,16.42
2025-10-26,31.6,18.9,25.5,31.3,46,12.0,0.00,7.1,16.52
2025-10-27,30.3,20.3,24.2,30.3,56,14.3,0.00,14.3,11.65
2025-10-28,26.6,21.3,23.3,27.9,72,17.7,0.00,6.9,6.85
2025-10-29,29.2,20.2,24.8,31.0,66,17.5,0.00,8.6,14.28
2025-10-30,27.3,22.6,24.5,30.5,74,19.4,0.10,6.3,5.88
2025-10-31,30.3,21.4,25.3,32.6,75,20.0,0.10,6.9,12.65
2025-11-01,30.9,20.8,25.1,30.5,62,15.9,0.00,10.2,15.35
2025-11-02,29.4,19.3,23.7,29.0,59,14.6,0.00,12.8,15.39
2025-11-03,30.5,17.9,23.5,29.7,53,12.7,0.00,14.1,15.62
2025-11-04,28.7,18.9,23.4,30.0,60,15.0,0.00,11.0,14.40
2025-11-05,29.5,18.9,23.9,30.6,62,15.4,0.00,10.9,14.10
2025-11-06,26.1,15.8,20.7,24.2,49,9.0,0.00,10.7,15.60
2025-11-07,27.3,14.8,20.3,25.2,47,8.0,0.00,10.0,15.33
2025-11-08,26.8,13.9,20.0,24.2,45,6.7,0.00,10.7,15.43
2025-11-09,26.8,14.1,20.1,24.8,46,7.3,0.00,9.3,15.09
2025-11-10,27.0,13.9,20.1,24.8,46,7.4,0.00,8.8,14.89
2025-11-11,27.4,13.7,20.1,24.9,47,7.4,0.00,10.6,14.81
2025-11-12,27.5,14.0,20.4,24.7,48,8.0,0.00,12.8,14.55
2025-11-13,26.3,13.2,19.3,23.9,52,8.3,0.00,9.9,14.45
2025-11-14,26.0,13.3,19.2,23.5,50,7.6,0.00,9.7,14.33
2025-11-15,26.6,12.8,19.3,24.1,50,7.7,0.00,10.3,14.30
2025-11-16,26.8,12.3,19.1,24.0,50,7.3,0.00,11.6,14.16
2025-11-17,26.0,12.3,19.0,24.2,50,7.6,0.00,6.8,13.92
2025-11-18,25.8,13.5,19.4,24.3,58,10.4,0.00,7.8,13.68
2025-11-19,26.0,13.3,19.7,25.4,63,11.7,0.00,5.9,13.44
2025-11-20,26.1,14.1,20.0,25.9,64,12.4,0.00,5.6,13.24
2025-11-21,26.2,14.5,20.3,25.9,61,12.0,0.00,6.1,13.13
2025-11-22,26.2,14.1,20.3,24.5,57,10.4,0.00,8.2,13.32
2025-11-23,25.9,13.2,19.3,24.4,56,9.3,0.00,8.1,13.24
2025-11-24,25.0,12.2,18.4,23.3,58,9.1,0.00,6.9,13.17
2025-11-25,24.0,11.4,17.4,22.0,58,8.3,0.00,8.7,13.17
2025-11-26,23.9,11.2,17.3,22.2,57,8.0,0.00,5.4,13.20
2025-11-27,24.4,12.6,18.1,22.9,55,8.1,0.00,3.4,13.10
2025-11-28,25.2,11.5,18.0,23.3,60,9.3,0.00,7.7,11.90
2025-11-29,25.9,13.7,19.0,23.6,54,8.9,0.00,11.5,12.51
2025-11-30,23.6,11.7,17.3,20.6,49,6.0,0.00,12.9,11.87
2025-12-01,24.3,10.0,16.9,21.8,49,5.4,0.00,6.5,12.92
2025-12-02,25.2,12.7,18.3,25.0,57,9.3,0.00,7.5,12.22
2025-12-03,22.9,10.3,16.2,20.0,55,6.3,0.00,10.4,12.96
2025-12-04,21.9,9.8,15.2,19.0,56,5.9,0.00,10.5,12.58
2025-12-05,21.8,8.6,15.0,19.5,56,5.6,0.00,7.5,12.72
2025-12-06,23.6,10.2,16.2,20.8,53,6.0,0.00,12.9,12.53
2025-12-07,24.1,10.7,17.0,22.1,56,7.8,0.00,10.4,12.38
2025-12-08,25.2,12.1,18.0,22.7,53,7.6,0.00,12.6,12.44
2025-12-09,24.5,11.6,17.5,21.8,54,7.6,0.00,12.7,12.60
2025-12-10,24.1,11.8,17.5,22.1,57,8.5,0.00,10.3,12.43
2025-12-11,24.7,10.8,17.3,22.4,60,8.9,0.00,10.4,12.28
2025-12-12,24.4,10.4,17.2,22.9,63,9.2,0.00,5.6,12.28
2025-12-13,24.5,12.7,17.8,24.1,66,10.7,0.00,4.5,12.01
2025-12-14,24.2,11.2,17.7,24.1,70,11.5,0.00,4.5,11.83
2025-12-15,23.3,10.5,16.6,22.6,72,11.1,0.00,8.3,11.88
2025-12-16,23.3,11.6,17.0,21.9,69,10.9,0.00,11.7,12.33
2025-12-17,23.8,11.4,17.0,22.8,70,11.1,0.00,10.5,12.24
2025-12-18,22.5,11.6,16.4,21.7,74,11.4,0.00,8.3,11.66
2025-12-19,21.9,11.2,15.7,20.7,78,11.3,0.00,7.7,11.75
2025-12-20,21.8,9.5,15.0,21.7,78,10.8,0.00,6.9,11.43
2025-12-21,20.4,10.7,14.4,20.2,84,11.6,0.00,6.0,10.35
2025-12-22,21.3,11.4,15.4,21.4,83,12.2,0.00,5.2,10.32
2025-12-23,23.1,11.6,16.5,22.6,81,12.7,0.00,10.4,11.55
2025-12-24,21.1,11.6,15.8,18.7,69,9.6,0.00,12.1,12.43
2025-12-25,21.0,9.3,14.7,19.0,64,7.5,0.00,8.0,12.44
2025-12-26,21.1,9.9,15.2,18.9,67,8.5,0.00,8.4,11.40
2025-12-27,20.5,9.7,14.8,19.5,77,10.4,0.00,7.6,10.99
2025-12-28,20.5,9.4,14.6,19.6,78,10.4,0.00,6.3,12.07
2025-12-29,19.9,10.6,14.1,18.4,81,10.4,0.00,5.6,10.60
2025-12-30,20.4,9.7,14.2,18.9,79,9.9,0.00,7.6,11.54
2025-12-31,19.4,9.1,13.2,19.0,84,10.2,0.00,11.2,11.29
2026-01-01,16.9,10.5,13.3,17.4,90,11.6,1.60,9.8,5.31
2026-01-02,17.5,11.1,14.0,15.7,78,10.1,0.00,10.2,11.15
2026-01-03,17.1,10.7,13.2,15.6,77,9.1,0.00,6.6,8.20
2026-01-04,17.1,8.5,12.4,15.6,79,8.6,0.00,9.2,9.08
2026-01-05,17.2,8.5,12.4,16.2,79,8.8,0.00,8.6,12.43
2026-01-06,17.1,8.5,12.0,15.9,85,9.3,0.00,8.2,12.04
2026-01-07,15.4,7.9,10.8,14.6,89,9.0,0.00,10.7,10.03
2026-01-08,14.4,7.5,10.1,13.5,88,8.0,0.00,8.7,10.56
2026-01-09,17.3,7.5,11.4,16.3,83,8.2,0.70,6.0,11.28
2026-01-10,17.1,6.6,11.3,15.4,81,7.9,0.00,7.8,12.88
2026-01-11,16.4,6.0,10.6,13.7,76,6.1,0.00,9.8,13.50
2026-01-12,17.2,4.9,10.6,15.1,70,4.7,0.00,8.2,13.76
2026-01-13,18.5,5.0,11.1,16.6,75,6.5,0.00,9.2,12.44
2026-01-14,17.4,5.6,10.7,14.8,76,6.0,0.00,9.1,13.15
2026-01-15,17.9,5.8,11.1,15.1,76,6.5,0.00,10.4,12.70
2026-01-16,20.5,6.1,12.6,18.5,68,6.1,0.00,8.7,13.65
2026-01-17,22.6,7.8,14.4,21.9,70,8.3,0.00,5.0,13.09
2026-01-18,22.0,8.1,14.8,21.0,77,10.1,0.00,6.9,12.27
2026-01-19,25.1,10.7,17.2,22.9,61,7.8,0.00,6.0,13.60
2026-01-20,24.3,10.2,17.2,22.5,61,8.6,0.00,8.7,13.91
2026-01-21,23.2,9.7,16.3,21.4,65,8.7,0.00,9.2,13.83
2026-01-22,25.0,10.0,17.4,23.9,61,9.2,0.00,14.6,14.26
2026-01-23,17.5,12.9,15.2,16.4,83,12.3,23.90,18.8,4.88
2026-01-24,16.4,9.0,12.1,13.7,69,6.1,0.00,12.0,13.63
2026-01-25,16.5,6.4,10.8,14.6,74,6.1,0.00,10.0,14.83
2026-01-26,18.8,6.2,12.4,18.5,77,8.2,0.00,5.6,14.73
2026-01-27,19.7,11.1,14.4,19.3,83,11.4,12.30,16.2,11.10
2026-01-28,18.4,11.7,14.3,18.0,85,11.7,7.60,9.1,9.00
2026-01-29,18.4,10.4,13.4,17.8,86,11.0,0.00,9.8,12.82
2026-01-30,19.5,8.5,13.8,19.4,82,10.5,0.00,7.2,14.43
2026-01-31,19.9,9.2,14.1,19.8,87,11.7,0.00,8.7,13.51
2026-02-01,20.8,12.4,16.1,21.6,83,13.0,13.20,13.0,13.73
2026-02-02,19.7,12.7,15.2,19.9,89,13.2,0.00,8.7,11.79
2026-02-03,19.6,10.4,14.6,19.4,82,11.3,0.00,6.6,14.34
2026-02-04,20.2,10.7,15.0,19.7,77,10.8,0.00,9.8,15.82
2026-02-05,21.3,10.6,15.3,20.0,72,9.8,0.00,11.9,16.12
2026-02-06,22.6,10.8,16.3,21.0,68,10.0,0.00,14.4,16.12
2026-02-07,23.6,12.5,17.5,22.6,68,11.2,0.00,15.1,16.08
2026-02-08,22.8,11.4,16.7,20.9,62,8.8,0.00,11.8,16.62
2026-02-09,24.0,10.5,17.0,22.9,61,8.7,0.00,8.3,15.22
2026-02-10,27.2,11.6,18.8,25.9,60,9.6,0.00,7.2,16.28
2026-02-11,27.1,14.6,20.5,26.0,58,11.0,0.00,11.6,16.55
2026-02-12,25.1,13.0,18.9,22.8,54,8.5,0.00,12.6,17.21
2026-02-13,25.5,12.7,19.0,23.8,53,8.3,0.00,9.7,16.33
2026-02-14,26.9,12.5,19.8,25.1,52,8.6,0.00,11.4,17.25
2026-02-15,28.1,13.5,20.8,26.5,53,9.5,0.00,12.3,17.41
2026-02-16,30.3,13.1,21.9,29.5,50,9.5,0.00,12.1,17.41
2026-02-17,29.2,15.9,21.9,28.1,54,11.1,0.00,12.5,17.55
2026-02-18,23.9,16.1,18.9,22.5,73,13.6,0.90,9.2,9.27
2026-02-19,26.3,13.9,19.8,26.8,67,12.7,0.00,7.6,16.43
2026-02-20,27.9,15.0,21.0,27.8,64,12.7,0.00,10.4,17.72
2026-02-21,27.2,14.8,20.8,27.3,62,12.6,0.00,11.0,17.98
2026-02-22,28.4,14.7,21.6,27.3,55,10.7,0.00,9.0,18.46
2026-02-23,29.4,14.8,22.3,28.4,53,10.5,0.00,11.7,18.05
2026-02-24,29.6,15.9,22.4,28.6,52,10.6,0.00,11.4,18.67
2026-02-25,29.0,14.9,22.2,27.1,48,8.5,0.00,11.1,19.27
2026-02-26,29.7,15.5,22.5,27.4,45,8.4,0.00,14.5,19.21
2026-02-27,30.8,16.0,23.7,29.1,42,8.1,0.00,11.1,19.22
2026-02-28,31.9,21.3,25.9,29.9,41,10.0,0.00,13.5,18.38
2026-03-01,30.6,17.2,23.9,28.5,46,10.1,0.00,16.8,19.54
2026-03-02,30.8,17.2,23.9,28.6,44,10.0,0.00,17.1,19.56
2026-03-03,31.4,17.7,24.6,29.3,41,9.8,0.00,18.5,19.96
2026-03-04,33.2,18.3,25.9,32.3,43,11.8,0.00,16.6,19.77
2026-03-05,34.0,20.9,27.2,33.6,47,14.1,0.00,16.7,19.88
2026-03-06,34.5,19.5,27.0,34.4,46,13.2,0.00,11.3,20.16
2026-03-07,35.3,20.1,27.6,36.1,53,15.2,0.00,9.3,20.17
2026-03-08,35.8,20.8,28.3,35.4,47,14.1,0.00,12.1,20.29
2026-03-09,35.5,20.7,28.0,35.7,49,15.4,0.00,11.7,20.12
2026-03-10,35.5,22.4,28.6,36.9,51,16.2,0.00,11.1,20.23
2026-03-11,36.3,20.5,28.7,34.3,39,10.7,0.00,16.9,20.96
2026-03-12,35.9,21.2,28.3,32.7,33,8.3,0.00,16.0,19.79
2026-03-13,32.5,21.7,27.0,31.7,44,12.6,0.00,14.0,18.91
2026-03-14,33.1,20.1,26.8,30.9,35,8.8,0.00,12.8,18.26
2026-03-15,27.3,18.2,23.1,27.6,56,13.2,2.60,14.8,18.70
2026-03-16,30.8,17.4,23.3,29.7,50,11.3,0.30,16.5,20.17
2026-03-17,31.5,17.4,24.2,32.3,50,12.2,0.00,10.7,20.93
2026-03-18,32.2,19.3,24.1,33.6,57,14.0,3.70,14.5,19.70
2026-03-19,27.1,18.3,22.1,28.7,66,15.1,3.40,16.6,14.63
2026-03-20,20.6,16.4,18.0,21.7,86,15.5,2.80,11.4,9.34
2026-03-21,25.5,14.8,19.7,27.0,77,15.0,0.00,9.6,19.90
2026-03-22,27.1,16.2,21.7,28.1,66,14.6,0.00,12.0,21.51
2026-03-23,26.9,17.9,21.9,28.7,70,15.9,9.60,13.4,13.28
2026-03-24,29.7,18.1,23.5,30.1,64,15.3,0.00,12.1,21.75
2026-03-25,31.5,17.7,24.9,31.7,50,12.6,0.00,12.0,22.47
2026-03-26,34.8,21.0,27.7,34.6,43,12.7,0.00,14.7,18.96
2026-03-27,29.3,22.1,25.7,30.0,49,13.8,0.60,12.6,17.63
2026-03-28,33.0,20.8,27.1,33.7,44,12.7,0.00,11.0,21.72
2026-03-29,35.0,22.8,28.1,36.5,47,15.3,0.00,13.3,19.13
2026-03-30,34.7,21.7,26.9,34.9,50,14.7,0.20,21.8,18.59
2026-03-31,35.0,21.3,26.2,34.9,54,14.6,0.30,13.0,18.31
2026-04-01,33.1,19.6,26.4,34.1,51,14.3,0.00,8.2,18.98
2026-04-02,34.3,21.7,28.3,34.5,47,14.9,0.00,13.6,17.86
2026-04-03,32.1,22.3,25.8,33.1,54,15.5,0.40,15.5,16.75
2026-04-04,30.3,21.2,24.5,32.3,64,16.7,2.30,9.1,16.62
2026-04-05,29.3,19.8,24.3,29.9,57,14.4,0.90,13.6,19.65
2026-04-06,31.7,20.8,25.9,30.9,39,9.7,0.00,17.7,22.28
2026-04-07,28.8,18.0,22.7,27.2,57,13.0,8.40,15.5,12.71
2026-04-08,25.5,17.0,20.4,27.8,73,15.0,4.10,11.9,20.51
2026-04-09,28.7,16.1,22.6,29.0,61,13.0,0.00,12.4,22.18
2026-04-10,31.2,17.8,24.8,29.1,43,9.5,0.00,19.9,24.02
2026-04-11,32.9,21.7,27.6,32.1,33,9.4,0.00,14.3,21.17
2026-04-12,34.2,23.0,28.6,33.3,31,8.5,0.00,16.2,24.13
2026-04-13,34.6,21.8,28.6,32.6,28,6.8,0.00,14.9,24.40
2026-04-14,37.5,23.0,30.7,36.3,25,6.9,0.00,12.6,23.88
2026-04-15,38.7,23.7,31.7,36.7,22,5.3,0.00,14.7,24.57
2026-04-16,39.9,26.2,33.0,38.6,22,6.6,0.00,14.3,24.02
2026-04-17,40.2,26.3,32.5,38.2,25,8.7,0.00,14.8,18.32
2026-04-18,40.2,25.0,32.7,39.6,29,10.2,0.00,11.4,24.03
2026-04-19,40.1,26.0,33.5,39.2,22,7.4,0.00,18.1,21.47
2026-04-20,39.6,26.7,33.0,38.0,22,6.8,0.00,16.5,23.31
2026-04-21,38.6,26.0,32.8,36.3,18,4.7,0.00,18.9,24.39
2026-04-22,40.3,26.0,33.5,38.0,21,7.0,0.00,16.7,24.51
2026-04-23,41.2,27.9,34.2,40.3,18,5.8,0.00,12.6,24.33
2026-04-24,42.0,27.5,34.8,41.8,23,9.2,0.00,12.6,22.72
2026-04-25,42.3,29.1,35.7,40.9,23,9.9,0.00,17.9,20.88
2026-04-26,41.6,28.8,35.5,40.9,23,10.7,0.00,20.7,20.98
2026-04-27,42.2,28.6,35.6,41.7,22,9.4,0.00,21.6,23.30
2026-04-28,37.1,29.7,33.2,38.3,31,13.7,0.00,12.4,20.35
2026-04-29,37.1,27.0,31.9,38.3,37,14.3,0.00,11.5,20.36
2026-04-30,37.7,25.4,30.8,37.2,41,14.9,0.90,15.1,21.34
2026-05-01,36.6,23.1,29.2,38.7,49,16.7,0.00,12.3,23.38
2026-05-02,36.1,26.3,31.4,38.3,42,16.5,2.30,14.5,21.54
2026-05-03,34.8,25.8,30.6,36.2,44,16.9,0.00,15.9,20.79
2026-05-04,29.8,21.0,25.5,31.1,65,17.9,5.50,20.2,20.67
2026-05-05,30.5,22.6,26.0,32.6,66,18.6,1.30,14.2,19.09
2026-05-06,34.7,21.9,28.6,35.0,48,14.5,0.00,10.9,22.98
2026-05-07,30.5,23.0,27.1,31.1,50,15.6,0.10,19.2,20.10
2026-05-08,34.4,22.1,28.2,35.5,54,16.9,0.40,14.5,22.60
2026-05-09,35.5,24.8,30.3,37.5,46,16.6,0.00,11.9,22.49
2026-05-10,37.3,26.3,31.5,38.9,43,16.6,0.00,12.2,22.47
2026-05-11,37.7,27.3,32.5,39.4,41,17.2,0.00,10.0,19.95
2026-05-12,38.8,27.9,32.4,40.4,45,18.4,7.00,17.3,21.87
2026-05-13,39.1,26.7,32.7,41.0,47,19.1,0.30,11.7,23.69
2026-05-14,39.4,25.9,33.3,41.6,40,16.3,0.20,15.4,23.37
2026-05-15,40.0,28.6,34.4,39.4,31,13.5,0.00,16.8,23.50
2026-05-16,40.4,29.0,35.0,40.5,29,12.7,0.00,17.1,23.65
2026-05-17,41.3,29.9,36.2,40.9,26,13.1,0.10,21.5,23.58
2026-05-18,43.3,30.0,37.1,42.9,25,13.1,0.00,18.6,24.17
2026-05-19,44.4,31.1,38.2,43.0,18,8.9,0.00,16.1,24.92
2026-05-20,43.6,32.1,37.9,43.2,20,10.7,0.00,11.6,23.57
2026-05-21,42.8,33.2,37.8,42.1,22,11.7,0.00,18.8,24.59
2026-05-22,42.0,32.0,37.3,42.1,19,9.7,0.00,14.3,24.58
2026-05-23,41.3,31.6,36.7,39.7,22,11.1,0.00,18.1,22.82
2026-05-24,42.3,30.0,36.8,41.3,22,10.6,0.00,16.8,23.41
2026-05-25,43.0,32.8,37.9,43.6,19,10.0,0.00,16.5,23.22
2026-05-26,42.6,31.8,37.5,40.4,17,7.2,0.00,19.5,24.81
2026-05-27,43.4,31.4,37.9,41.6,17,8.0,0.00,19.1,25.28
2026-05-28,40.4,28.7,34.1,44.1,39,17.6,3.20,18.6,22.48
2026-05-29,33.8,26.0,30.1,37.2,56,20.1,1.00,15.5,20.71
2026-05-30,35.5,24.0,27.9,38.5,64,19.7,4.70,13.6,21.38
2026-05-31,33.1,23.3,27.5,36.3,64,19.5,0.80,12.9,22.56
2026-06-01,33.1,24.6,28.6,34.9,62,19.9,1.10,13.1,20.92
2026-06-02,36.5,24.4,30.7,38.0,52,18.9,1.00,10.8,22.47
2026-06-03,38.5,29.1,33.8,40.5,43,18.9,0.70,11.1,23.08
2026-06-04,39.5,28.1,32.9,41.7,44,18.0,0.60,14.8,21.42
2026-06-05,34.7,25.1,30.3,37.8,57,20.2,2.10,13.9,16.90
2026-06-06,40.3,28.5,34.1,42.5,44,18.8,0.00,12.5,22.70
2026-06-07,40.4,28.9,33.4,43.1,43,18.5,0.40,20.9,21.22
2026-06-08,42.1,29.9,36.5,42.1,31,15.0,0.00,17.6,23.52
2026-06-09,43.0,31.6,37.4,43.4,28,14.5,0.00,18.7,24.09
2026-06-10,43.6,31.3,37.9,43.5,28,15.2,0.40,14.8,23.50
2026-06-11,36.8,27.4,33.8,40.9,47,20.4,0.20,19.8,23.55
2026-06-12,32.6,23.3,27.4,36.3,75,22.3,8.10,19.6,22.56
2026-06-13,33.7,24.8,28.7,38.4,68,21.8,0.70,8.3,20.26
2026-06-14,36.8,26.0,31.3,41.3,60,21.9,0.50,10.8,22.83
2026-06-15,36.3,26.5,30.3,39.7,54,19.8,1.30,18.8,21.45
2026-06-16,32.3,25.2,28.2,34.8,64,20.6,0.60,17.5,14.53
2026-06-17,37.3,24.7,31.4,40.4,53,19.8,0.00,11.6,24.17
2026-06-18,39.4,29.5,34.6,41.8,42,18.9,0.10,15.3,23.35
2026-06-19,38.1,28.2,33.9,40.8,41,18.4,0.00,13.5,23.08
2026-06-20,38.1,30.7,34.3,40.7,42,19.3,0.50,14.9,23.23
2026-06-21,38.5,30.1,34.1,39.4,39,17.9,0.00,13.0,15.45
2026-06-22,36.7,28.5,33.1,38.8,41,17.6,0.40,14.8,17.36
2026-06-23,38.7,30.3,33.4,40.8,43,18.7,1.40,17.8,21.14
2026-06-24,38.1,28.6,32.5,40.3,47,19.2,0.60,21.3,20.37
2026-06-25,39.0,30.2,34.5,42.4,44,19.8,0.80,10.9,22.12
2026-06-26,40.7,29.8,35.0,45.3,44,20.5,1.20,7.4,22.56
2026-06-27,40.1,26.8,35.5,44.7,46,21.1,1.00,12.8,23.57
2026-06-28,41.9,29.5,36.7,46.2,43,21.4,1.00,14.3,23.52
2026-06-29,41.7,32.1,37.1,44.8,40,20.7,1.40,13.7,22.79
2026-06-30,39.5,28.9,34.2,42.8,54,23.0,4.40,14.4,15.31
2026-07-01,32.7,26.9,30.2,37.9,74,24.9,1.80,13.8,13.84
2026-07-02,31.5,25.9,28.9,37.1,78,24.5,6.80,7.4,12.77
2026-07-03,34.5,27.0,31.1,40.0,71,24.8,0.50,7.9,16.93
2026-07-04,36.5,29.2,32.2,42.1,69,25.6,1.40,6.8,18.13
2026-07-05,34.5,28.8,31.3,42.4,76,26.4,3.70,8.8,18.75
2026-07-06,36.7,26.8,32.1,43.7,71,25.8,0.50,7.3,22.06
2026-07-07,32.8,26.5,29.4,40.2,85,26.4,8.40,9.8,16.51
2026-07-08,29.3,26.1,27.2,34.9,91,25.6,11.80,10.8,9.30
2026-07-09,29.2,25.0,26.4,33.8,91,24.7,99.80,18.9,7.02
2026-07-10,33.0,25.5,29.3,39.5,81,25.5,0.60,11.5,22.60
2026-07-11,34.3,27.4,30.8,41.1,76,25.8,0.30,11.8,21.17
2026-07-12,35.0,28.7,31.8,41.6,69,25.3,1.50,12.3,23.17
2026-07-13,35.8,28.4,32.1,41.8,64,24.2,0.10,13.7,23.70
2026-07-14,36.2,26.1,30.8,41.7,70,24.2,2.30,19.6,22.85
2026-07-15,36.3,25.4,31.0,41.1,67,23.6,3.40,9.7,22.63
2026-07-16,37.3,29.8,33.9,41.4,53,22.6,0.00,12.6,24.17
2026-07-17,37.4,30.7,34.1,41.2,55,23.3,0.30,12.1,21.95
2026-07-18,36.3,31.0,33.6,40.5,54,23.0,0.00,14.9,16.53
2026-07-19,36.6,29.8,32.6,41.2,65,24.8,3.70,11.2,14.45
2026-07-20,31.7,26.5,28.7,38.3,87,26.2,31.90,11.5,12.77
2026-07-21,29.9,25.7,27.4,36.4,90,25.5,14.70,12.2,9.54
2026-07-22,31.8,25.8,28.5,38.0,83,25.2,5.70,16.5,21.08
2026-07-23,32.2,26.1,28.8,37.8,81,25.0,9.80,15.0,22.04
2026-07-24,31.0,25.8,28.5,37.4,84,25.5,8.50,14.7,18.22
2026-07-25,32.3,27.4,29.2,38.0,80,25.2,2.30,12.6,18.99
2026-07-26,33.7,27.3,30.6,41.2,79,26.2,1.40,9.6,20.91
2026-07-27,35.3,29.2,31.6,42.2,73,26.0,0.60,11.6,19.58
2026-07-28,31.0,26.1,27.9,37.3,90,26.1,19.50,13.3,6.44
2026-07-29,32.5,26.3,29.3,40.2,84,26.2,5.60,7.0,17.38
2026-07-30,33.2,25.5,29.6,39.8,82,25.9,10.80,13.0,21.40
2026-07-31,32.5,27.9,29.6,38.0,79,25.4,4.90,14.4,18.93
2026-08-01,32.4,26.7,29.2,38.8,82,25.8,5.50,12.5,19.29
2026-08-02,33.7,26.6,29.0,40.6,85,25.9,4.80,12.0,21.31
2026-08-03,33.4,26.9,29.1,41.4,87,26.5,14.30,11.9,17.15
2026-08-04,29.5,26.3,27.5,36.9,93,26.3,13.60,8.7,10.07
2026-08-05,32.5,26.2,28.8,38.7,85,25.8,1.90,7.7,15.35
2026-08-06,27.8,26.7,27.2,35.7,90,25.4,12.80,8.4,6.07
2026-08-07,29.1,25.4,26.5,34.5,94,25.4,58.30,14.4,7.29
2026-08-08,32.1,24.6,28.3,38.4,86,25.6,28.90,15.8,19.02
2026-08-09,33.8,25.1,29.9,41.5,81,26.0,3.00,8.4,22.54
2026-08-10,33.2,26.5,28.7,41.1,87,26.2,7.70,10.8,17.88
2026-08-11,30.4,26.7,28.5,38.0,89,26.4,12.50,9.7,13.03
2026-08-12,34.4,27.2,30.1,42.5,82,26.4,2.00,11.1,22.29
2026-08-13,33.6,26.4,30.2,42.4,83,26.9,2.60,9.2,21.57
2026-08-14,30.9,27.0,28.8,38.8,88,26.6,11.60,6.0,11.78
2026-08-15,32.5,26.5,29.3,40.3,86,26.6,4.50,8.5,18.03
2026-08-16,33.3,26.2,30.1,40.2,79,26.0,4.90,10.4,18.88
2026-08-17,33.0,27.3,29.1,40.3,81,25.5,4.50,11.7,21.69
2026-08-18,33.1,25.5,29.6,39.9,76,24.7,3.00,9.6,21.13
2026-08-19,33.2,26.9,29.3,39.5,80,25.3,5.20,7.5,20.92
2026-08-20,33.2,26.8,28.9,39.6,86,26.0,4.50,7.5,15.52
2026-08-21,33.6,27.1,30.2,40.0,78,25.6,0.90,11.1,21.80
2026-08-22,33.3,25.0,29.0,39.2,82,25.3,8.00,10.0,19.10
2026-08-23,32.7,24.7,29.3,38.8,81,25.6,8.20,10.4,20.03
2026-08-24,31.7,24.6,28.7,38.3,83,25.5,6.90,10.8,13.35
2026-08-25,32.6,26.2,28.9,38.7,85,25.9,3.40,7.3,15.50
2026-08-26,32.3,26.1,28.6,39.5,88,26.3,13.50,8.2,15.94
2026-08-27,34.4,27.4,29.9,40.3,80,26.0,0.00,9.0,16.21
2026-08-28,34.2,26.2,30.5,39.3,73,24.7,0.50,13.9,21.22
2026-08-29,34.9,27.8,31.0,40.6,68,24.1,0.00,12.6,22.30
2026-08-30,34.0,27.9,30.9,38.3,66,23.6,0.20,10.8,15.88
2026-08-31,34.4,27.8,31.0,39.0,63,22.8,0.70,12.6,17.81
2026-09-01,34.3,27.3,30.3,39.6,68,23.5,3.90,10.4,18.86
2026-09-02,32.5,26.1,28.0,38.7,81,24.3,13.60,9.3,14.10
2026-09-03,31.8,25.6,28.3,37.9,83,24.9,3.50,9.5,19.41
2026-09-04,30.2,25.8,27.8,36.3,87,25.3,13.30,9.1,15.53
2026-09-05,27.9,25.1,26.4,34.1,93,25.1,23.50,13.1,7.21
2026-09-06,27.6,24.1,25.7,32.9,92,24.3,18.10,12.4,6.18
2026-09-07,32.4,24.3,28.3,38.8,78,23.9,0.90,9.2,20.40
2026-09-08,32.4,25.2,28.9,37.6,74,23.7,1.30,12.8,20.44
2026-09-09,33.5,26.4,29.8,37.9,68,23.0,0.00,13.8,20.78
2026-09-10,34.4,26.6,30.3,38.8,66,23.0,0.00,11.5,20.98
2026-09-11,31.1,26.5,28.4,38.0,82,24.9,8.70,14.1,17.40
2026-09-12,31.0,25.7,28.7,37.5,83,25.5,7.60,11.2,15.78
2026-09-13,32.5,27.2,29.5,37.6,76,24.6,0.60,10.3,19.08
2026-09-14,31.8,26.1,28.9,37.3,78,24.5,3.70,11.1,18.68
2026-09-15,32.9,26.0,29.4,37.6,72,23.5,1.60,14.4,18.84
2026-09-16,35.0,27.7,31.2,40.7,65,23.3,0.30,7.8,19.73
2026-09-17,32.5,24.8,29.1,37.5,69,22.6,2.00,13.5,18.02
2026-09-18,31.2,24.9,28.1,36.3,72,22.5,2.20,11.9,19.14
2026-09-19,32.8,25.0,28.9,37.2,69,22.2,0.00,5.8,19.46
2026-09-20,33.7,25.4,29.7,38.6,65,22.0,1.50,6.9,19.46
2026-09-21,33.7,26.2,29.9,37.7,61,21.3,0.10,7.1,19.32
2026-09-22,35.8,26.3,31.2,39.2,58,21.4,0.00,10.1,19.54
2026-09-23,36.9,27.0,31.5,40.3,57,21.3,0.00,9.1,19.30
2026-09-24,34.6,26.2,30.0,38.3,63,21.7,0.00,12.1,19.03
2026-09-25,31.2,25.0,27.8,34.3,70,21.6,0.00,12.7,17.26
2026-09-26,29.6,22.1,25.1,32.6,75,20.1,4.60,13.6,17.06
2026-09-27,28.6,22.2,24.8,32.3,79,20.7,1.10,12.7,17.68
2026-09-28,28.2,22.2,24.4,30.5,84,21.4,1.50,14.3,12.72
2026-09-29,30.8,22.0,25.9,33.9,76,21.0,0.00,11.6,19.00
2026-09-30,32.5,23.2,27.4,34.5,69,20.6,0.00,14.2,18.81
2026-10-01,33.4,23.8,28.3,36.0,64,20.2,0.00,14.8,17.70
2026-10-02,34.5,23.9,28.8,35.7,60,19.3,0.00,13.0,18.54
2026-10-03,35.5,24.3,29.7,37.5,56,19.3,0.00,11.4,19.09
2026-10-04,35.2,25.1,30.0,36.5,56,19.5,0.00,12.0,19.06
2026-10-05,35.7,25.2,30.2,37.9,55,19.6,0.00,13.0,18.58
2026-10-06,35.2,26.3,30.4,37.8,57,20.0,0.00,10.4,18.17
