date,peak_mw,peak_time
2023-09-13,6246.3,15:18:41
2023-09-14,6754.3,22:51:46
2023-09-15,6428.5,00:00:49
2023-09-16,5949.4,00:00:21
2023-09-17,5208.1,23:17:30
2023-09-18,5570.1,15:23:22
2023-09-19,6036.8,23:15:31
2023-09-20,6372.9,23:18:28
2023-09-21,6659.6,15:43:31
2023-09-22,6556.0,15:02:31
2023-09-23,6341.0,00:00:03
2023-09-24,5385.6,00:00:14
2023-09-25,5712.0,15:22:47
2023-09-26,5796.6,15:40:33
2023-09-27,5723.4,15:31:57
2023-09-28,5322.6,00:00:45
2023-09-29,5510.5,15:31:05
2023-09-30,5199.4,23:15:13
2023-10-01,5076.6,00:00:24
2023-10-02,4614.1,00:00:36
2023-10-03,4859.6,17:09:51
2023-10-04,4930.5,16:02:03
2023-10-05,4927.4,15:18:50
2023-10-06,4996.3,15:31:14
2023-10-07,4968.0,18:46:25
2023-10-08,5316.9,23:12:42
2023-10-09,5583.6,15:26:26
2023-10-10,5567.5,15:10:23
2023-10-11,5086.5,15:09:15
2023-10-12,4945.0,18:22:40
2023-10-13,5065.1,18:24:39
2023-10-14,4817.9,18:22:27
2023-10-15,4530.0,00:02:25
2023-10-16,4557.6,12:38:46
2023-10-17,4158.4,18:16:07
2023-10-18,4190.1,18:35:42
2023-10-19,4132.7,17:59:42
2023-10-20,4204.9,18:20:30
2023-10-21,3919.4,18:15:26
2023-10-22,3670.4,18:23:13
2023-10-23,4024.4,18:30:02
2023-10-24,3507.7,10:58:08
2023-10-25,4113.1,18:16:19
2023-10-26,4108.3,18:06:41
2023-10-27,4114.3,18:19:40
2023-10-28,3873.3,18:17:01
2023-10-29,3692.0,18:11:23
2023-10-30,4133.4,18:24:58
2023-10-31,4209.7,18:17:36
2023-11-01,4320.0,12:31:40
2023-11-02,4198.6,18:07:38
2023-11-03,4231.0,12:23:39
2023-11-04,3928.0,17:59:35
2023-11-05,3845.4,11:20:03
2023-11-06,4074.5,12:32:01
2023-11-07,4054.6,17:59:16
2023-11-08,4141.1,11:57:44
2023-11-09,4067.4,11:04:57
2023-11-10,4136.5,12:00:18
2023-11-11,3606.1,11:03:46
2023-11-12,3060.6,18:17:22
2023-11-13,2911.2,10:26:05
2023-11-14,3345.3,10:41:28
2023-11-15,3600.8,10:22:24
2023-11-16,3611.3,10:53:34
2023-11-17,3885.9,10:45:13
2023-11-18,3597.1,10:30:23
2023-11-19,3493.4,11:17:23
2023-11-20,3533.6,11:01:33
2023-11-21,3657.3,11:37:05
2023-11-22,3788.7,12:04:39
2023-11-23,3710.3,18:06:36
2023-11-24,3994.9,11:00:58
2023-11-25,3741.2,10:33:22
2023-11-26,3838.7,10:58:10
2023-11-27,3933.6,10:53:29
2023-11-28,3824.9,10:57:29
2023-11-29,3884.1,10:14:13
2023-11-30,3841.6,10:17:40
2023-12-01,4023.3,10:44:47
2023-12-02,3724.7,10:45:23
2023-12-03,3837.8,11:30:45
2023-12-04,3835.2,10:30:25
2023-12-05,3836.2,10:01:42
2023-12-06,3886.9,10:10:19
2023-12-07,3870.1,10:02:47
2023-12-08,4070.4,10:43:45
2023-12-09,3874.4,10:15:13
2023-12-10,3940.2,10:37:22
2023-12-11,3946.3,10:34:17
2023-12-12,4007.8,09:45:39
2023-12-13,4116.9,10:04:23
2023-12-14,3830.0,10:33:06
2023-12-15,4243.5,10:34:15
2023-12-16,4034.3,10:20:18
2023-12-17,4136.3,11:10:12
2023-12-18,4158.1,10:00:48
2023-12-19,4351.4,11:00:48
2023-12-20,4361.5,10:36:12
2023-12-21,4344.1,10:13:22
2023-12-22,4582.1,10:03:26
2023-12-23,4277.4,09:54:07
2023-12-24,4287.5,11:00:23
2023-12-25,4532.4,11:48:05
2023-12-26,4399.9,10:20:21
2023-12-27,4531.2,10:39:36
2023-12-28,4577.6,09:58:56
2023-12-29,4883.7,10:43:50
2023-12-30,4556.3,10:29:58
2023-12-31,4634.5,11:00:27
2024-01-01,5133.9,10:29:44
2024-01-02,4909.8,10:50:15
2024-01-03,5256.7,11:14:36
2024-01-04,5241.4,10:45:26
2024-01-05,5538.5,10:20:19
2024-01-06,5137.1,10:53:27
2024-01-07,5105.6,10:50:26
2024-01-08,5337.3,10:51:47
2024-01-09,5434.7,10:57:10
2024-01-10,5610.6,11:08:29
2024-01-11,5422.1,10:01:29
2024-01-12,5700.6,10:49:56
2024-01-13,5334.6,10:00:08
2024-01-14,5463.5,10:45:03
2024-01-15,5478.0,10:00:47
2024-01-16,5434.1,10:23:19
2024-01-17,5725.7,10:53:44
2024-01-18,5466.5,09:58:23
2024-01-19,5797.5,10:20:47
2024-01-20,5491.6,11:02:37
2024-01-21,5522.2,11:46:10
2024-01-22,5815.6,10:52:54
2024-01-23,5526.1,10:36:58
2024-01-24,5709.4,10:45:02
2024-01-25,5537.3,10:14:22
2024-01-26,4888.4,10:48:56
2024-01-27,4969.4,09:59:59
2024-01-28,5054.6,11:00:55
2024-01-29,5258.8,10:20:36
2024-01-30,5269.0,10:29:52
2024-01-31,5317.8,10:35:24
2024-02-01,5079.4,10:57:22
2024-02-02,5406.4,10:40:05
2024-02-03,4955.3,09:50:14
2024-02-04,4915.4,11:01:23
2024-02-05,4830.6,09:59:43
2024-02-06,4843.3,09:47:57
2024-02-07,4797.6,09:38:58
2024-02-08,4772.7,10:00:05
2024-02-09,4919.2,10:00:57
2024-02-10,4642.9,10:38:33
2024-02-11,4576.5,10:30:18
2024-02-12,4555.0,09:50:28
2024-02-13,4563.6,10:40:17
2024-02-14,4690.1,09:59:11
2024-02-15,4330.0,09:58:51
2024-02-16,4571.5,10:50:42
2024-02-17,4150.8,10:25:06
2024-02-18,4150.4,11:00:59
2024-02-19,4142.3,10:25:04
2024-02-20,4096.5,10:03:56
2024-02-21,4190.4,10:22:17
2024-02-22,4060.5,10:19:26
2024-02-23,4255.2,10:25:55
2024-02-24,3991.4,09:57:36
2024-02-25,4127.4,10:45:12
2024-02-26,4007.3,10:28:03
2024-02-27,4079.4,10:00:06
2024-02-28,4123.3,10:20:24
2024-02-29,4094.7,09:47:30
2024-03-01,4176.6,10:35:47
2024-03-02,3764.7,10:33:01
2024-03-03,3924.2,10:36:25
2024-03-04,3961.3,10:00:38
2024-03-05,4062.5,10:00:12
2024-03-06,4207.5,10:27:30
2024-03-07,4042.4,10:13:53
2024-03-08,4482.3,09:43:42
2024-03-09,3822.5,10:44:06
2024-03-10,3808.2,11:01:08
2024-03-11,3973.5,10:00:31
2024-03-12,3896.7,10:31:01
2024-03-13,3927.3,10:30:42
2024-03-14,3842.7,10:46:40
2024-03-15,3989.4,10:17:53
2024-03-16,3692.0,10:31:06
2024-03-17,3629.9,10:45:41
2024-03-18,3822.8,10:22:34
2024-03-19,3834.9,10:51:14
2024-03-20,3905.2,10:43:45
2024-03-21,3765.7,10:24:33
2024-03-22,4114.0,10:58:14
2024-03-23,3832.7,10:44:05
2024-03-24,3469.1,10:25:26
2024-03-25,2716.0,19:08:59
2024-03-26,3463.7,10:28:29
2024-03-27,3976.4,11:20:52
2024-03-28,4238.1,15:49:31
2024-03-29,4209.3,12:00:22
2024-03-30,4071.0,15:50:13
2024-03-31,3857.7,12:06:56
2024-04-01,4010.9,12:06:16
2024-04-02,3966.5,18:58:32
2024-04-03,4133.1,15:50:07
2024-04-04,4363.5,15:12:06
2024-04-05,4451.4,15:16:12
2024-04-06,4126.2,14:43:27
2024-04-07,3859.4,19:28:07
2024-04-08,4370.4,15:22:59
2024-04-09,4351.1,15:37:18
2024-04-10,4517.3,15:05:47
2024-04-11,4273.6,15:37:42
2024-04-12,4717.5,15:12:46
2024-04-13,4413.1,14:50:16
2024-04-14,3809.0,19:18:07
2024-04-15,4433.1,15:00:48
2024-04-16,4584.0,15:24:58
2024-04-17,4180.1,19:36:31
2024-04-18,4839.0,16:15:17
2024-04-19,5136.6,15:17:10
2024-04-20,4762.0,16:02:47
2024-04-21,4578.3,23:13:13
2024-04-22,4988.5,16:36:12
2024-04-23,5045.7,15:46:51
2024-04-24,4929.8,15:24:03
2024-04-25,5148.0,15:35:34
2024-04-26,5447.2,15:20:26
2024-04-27,5037.0,15:01:38
2024-04-28,4994.5,22:54:09
2024-04-29,5408.5,15:18:02
2024-04-30,5046.6,15:18:06
2024-05-01,4737.7,00:01:09
2024-05-02,4835.5,15:24:31
2024-05-03,5079.4,15:33:10
2024-05-04,5101.4,22:52:51
2024-05-05,5363.3,22:42:18
2024-05-06,5978.4,22:48:26
2024-05-07,6433.7,22:53:00
2024-05-08,6388.6,15:35:45
2024-05-09,6271.3,15:26:04
2024-05-10,6529.0,15:20:31
2024-05-11,5791.6,23:46:18
2024-05-12,6183.1,23:38:49
2024-05-13,6307.3,15:15:42
2024-05-14,6260.2,15:20:46
2024-05-15,6485.9,23:25:34
2024-05-16,6780.0,15:26:28
2024-05-17,6919.6,22:42:11
2024-05-18,7173.6,22:52:45
2024-05-19,7163.6,23:26:58
2024-05-20,7590.9,23:37:29
2024-05-21,7716.6,15:33:33
2024-05-22,7999.5,15:42:10
2024-05-23,7649.3,00:00:19
2024-05-24,7873.1,15:33:08
2024-05-25,7580.9,00:00:35
2024-05-26,7679.6,23:27:34
2024-05-27,7932.6,23:16:38
2024-05-28,7911.2,15:19:34
2024-05-29,8302.0,15:36:32
2024-05-30,8091.4,15:28:18
2024-05-31,8032.4,23:25:10
2024-06-01,7925.5,00:01:12
2024-06-02,7360.2,23:44:09
2024-06-03,7915.3,23:19:18
2024-06-04,7852.3,15:04:37
2024-06-05,7997.9,15:45:37
2024-06-06,7482.1,15:30:54
2024-06-07,7486.3,16:05:51
2024-06-08,7348.4,00:00:37
2024-06-09,7123.8,23:34:21
2024-06-10,7449.5,15:14:03
2024-06-11,7684.8,16:29:57
2024-06-12,7781.3,23:19:12
2024-06-13,8004.5,15:26:36
2024-06-14,8220.1,15:20:24
2024-06-15,7854.2,23:49:02
2024-06-16,7807.1,00:00:33
2024-06-17,8236.2,23:38:36
2024-06-18,8646.6,15:22:15
2024-06-19,8655.5,15:06:55
2024-06-20,7765.4,23:07:05
2024-06-21,7662.9,00:00:26
2024-06-22,7007.3,15:33:25
2024-06-23,7327.4,23:33:53
2024-06-24,7553.8,15:03:55
2024-06-25,7712.5,15:31:07
2024-06-26,7770.9,15:10:18
2024-06-27,7153.1,00:00:14
2024-06-28,6716.3,00:00:12
2024-06-29,6220.3,14:35:15
2024-06-30,6801.7,22:55:41
2024-07-01,7215.7,22:56:31
2024-07-02,7314.2,15:02:54
2024-07-03,6851.4,00:00:16
2024-07-04,6098.5,22:51:41
2024-07-05,6321.2,15:09:57
2024-07-06,5964.9,15:05:57
2024-07-07,5649.9,23:19:43
2024-07-08,5791.9,23:03:24
2024-07-09,6019.5,22:59:11
2024-07-10,6443.4,12:42:59
2024-07-11,7493.4,22:53:04
2024-07-12,7081.5,00:01:18
2024-07-13,6498.6,00:00:28
2024-07-14,6875.7,23:19:19
2024-07-15,6938.3,15:19:57
2024-07-16,7472.2,15:15:46
2024-07-17,7307.0,22:57:21
2024-07-18,7031.8,00:00:01
2024-07-19,7380.4,15:15:00
2024-07-20,7232.6,23:01:48
2024-07-21,7133.6,22:56:01
2024-07-22,7064.1,12:35:21
2024-07-23,7112.6,22:53:32
2024-07-24,6985.4,22:40:46
2024-07-25,7104.0,15:03:32
2024-07-26,7002.3,22:40:53
2024-07-27,6970.2,14:39:51
2024-07-28,7182.8,22:39:25
2024-07-29,7743.1,22:49:58
2024-07-30,8032.5,15:26:31
2024-07-31,8175.0,15:17:32
2024-08-01,6554.0,22:55:03
2024-08-02,6459.9,22:49:59
2024-08-03,6377.4,15:18:09
2024-08-04,6323.6,23:22:49
2024-08-05,6489.4,22:58:00
2024-08-06,6669.9,15:09:53
2024-08-07,6240.8,15:12:25
2024-08-08,6246.9,14:50:03
2024-08-09,6532.0,15:18:02
2024-08-10,5812.0,22:55:22
2024-08-11,5651.3,00:00:13
2024-08-12,5598.1,11:40:08
2024-08-13,5962.1,15:18:48
2024-08-14,6322.8,15:11:37
2024-08-15,5904.8,00:01:47
2024-08-16,6558.0,15:13:35
2024-08-17,6232.5,23:30:01
2024-08-18,6391.3,23:09:30
2024-08-19,6270.2,00:00:46
2024-08-20,6105.6,15:10:43
2024-08-21,6531.4,15:11:37
2024-08-22,6890.4,15:22:49
2024-08-23,6230.9,00:00:00
2024-08-24,6110.5,22:58:12
2024-08-25,6024.4,22:45:02
2024-08-26,5989.1,00:00:29
2024-08-27,6171.3,15:33:28
2024-08-28,6160.6,15:21:25
2024-08-29,5578.2,00:00:20
2024-08-30,6235.2,15:26:28
2024-08-31,6279.1,22:43:09
2024-09-01,6569.7,22:56:19
2024-09-02,6325.4,15:17:05
2024-09-03,6678.0,15:05:39
2024-09-04,5796.0,00:00:51
2024-09-05,5730.7,15:18:34
2024-09-06,5815.9,15:11:40
2024-09-07,5551.9,15:06:49
2024-09-08,5167.1,23:00:12
2024-09-09,5797.6,14:54:36
2024-09-10,6192.0,14:49:48
2024-09-11,5742.3,14:32:04
2024-09-12,5323.4,00:00:07
2024-09-13,4936.9,12:27:50
2024-09-14,4701.0,18:57:51
2024-09-15,4694.0,19:26:10
2024-09-16,5096.6,19:20:55
2024-09-17,5546.5,15:41:43
2024-09-18,5245.4,10:46:38
2024-09-19,5053.7,18:46:26
2024-09-20,5424.3,15:53:22
2024-09-21,5403.4,22:36:06
2024-09-22,5704.5,22:36:08
2024-09-23,6456.0,15:16:27
2024-09-24,6779.6,15:22:48
2024-09-25,6754.2,15:06:54
2024-09-26,6310.0,15:33:20
2024-09-27,6051.3,15:40:29
2024-09-28,5381.9,15:06:43
2024-09-29,5466.3,22:41:30
2024-09-30,5991.4,12:33:08
2024-10-01,6084.1,15:23:07
2024-10-02,5827.4,00:00:02
2024-10-03,6161.2,15:30:11
2024-10-04,6161.1,14:49:18
2024-10-05,5865.4,00:01:37
2024-10-06,5743.7,00:00:04
2024-10-07,5711.2,15:40:53
2024-10-08,5644.0,15:16:47
2024-10-09,5462.6,15:22:51
2024-10-10,5346.7,15:43:23
2024-10-11,5091.1,15:36:00
2024-10-12,4293.1,00:00:05
2024-10-13,4405.5,18:18:15
2024-10-14,4757.8,18:24:41
2024-10-15,4746.2,18:18:02
2024-10-16,4885.3,18:52:56
2024-10-17,4896.3,18:27:31
2024-10-18,5041.4,17:59:47
2024-10-19,4752.2,18:30:49
2024-10-20,4675.3,18:29:26
2024-10-21,5097.4,18:13:24
2024-10-22,4974.0,15:37:46
2024-10-23,4944.0,18:13:27
2024-10-24,4906.7,17:58:54
2024-10-25,4802.2,18:08:34
2024-10-26,4484.4,18:15:30
2024-10-27,4259.3,18:18:12
2024-10-28,4858.5,18:14:46
2024-10-29,4916.8,18:26:06
2024-10-30,4796.2,11:50:39
2024-10-31,3899.2,18:07:04
2024-11-01,3559.0,18:38:16
2024-11-02,3507.8,18:15:26
2024-11-03,3595.2,18:23:30
2024-11-04,3849.9,15:03:41
2024-11-05,4210.5,18:06:06
2024-11-06,4234.0,18:09:48
2024-11-07,4131.9,12:11:33
2024-11-08,4259.4,18:03:10
2024-11-09,4111.5,18:03:17
2024-11-10,3881.3,18:16:26
2024-11-11,4213.0,17:57:43
2024-11-12,4208.3,18:22:04
2024-11-13,4062.5,18:00:08
2024-11-14,4006.6,18:03:03
2024-11-15,3989.1,11:05:27
2024-11-16,3737.4,10:22:25
2024-11-17,3657.9,11:43:19
2024-11-18,3828.5,10:56:28
2024-11-19,3898.7,10:51:32
2024-11-20,3949.1,10:59:32
2024-11-21,3878.2,10:35:53
2024-11-22,4016.1,09:50:30
2024-11-23,3683.9,10:54:25
2024-11-24,3686.9,10:48:35
2024-11-25,3853.9,11:10:44
2024-11-26,3851.9,10:56:33
2024-11-27,3834.8,10:00:41
2024-11-28,3855.5,10:43:40
2024-11-29,4067.1,10:30:13
2024-11-30,3849.9,10:16:53
2024-12-01,3838.9,10:50:45
2024-12-02,3940.6,10:30:42
2024-12-03,3906.2,10:34:39
2024-12-04,4020.1,09:59:15
2024-12-05,3932.2,10:51:27
2024-12-06,4159.4,10:32:00
2024-12-07,3914.7,10:44:14
2024-12-08,4011.9,10:51:54
2024-12-09,4124.6,10:28:24
2024-12-10,4170.8,09:57:08
2024-12-11,4269.6,09:59:10
2024-12-12,4246.4,10:29:04
2024-12-13,4570.3,10:49:50
2024-12-14,4367.5,09:48:12
2024-12-15,4369.6,10:59:38
2024-12-16,4439.4,09:58:58
2024-12-17,4493.2,10:01:12
2024-12-18,4774.1,10:23:06
2024-12-19,4674.6,09:59:17
2024-12-20,4923.9,10:27:43
2024-12-21,4500.8,10:29:36
2024-12-22,4485.9,10:50:50
2024-12-23,4688.2,10:59:29
2024-12-24,4802.6,09:58:34
2024-12-25,4896.3,10:35:11
2024-12-26,4631.6,10:31:16
2024-12-27,4730.4,10:59:49
2024-12-28,4730.0,11:00:49
2024-12-29,4725.8,10:40:48
2024-12-30,5045.7,10:45:33
2024-12-31,5213.1,10:50:27
2025-01-01,5655.8,11:44:08
2025-01-02,5221.3,10:54:22
2025-01-03,5637.7,10:26:53
2025-01-04,5105.4,10:27:58
2025-01-05,5240.6,11:00:41
2025-01-06,5307.9,10:30:53
2025-01-07,5440.4,10:45:11
2025-01-08,5429.0,10:41:27
2025-01-09,5133.0,09:59:26
2025-01-10,5549.0,10:28:47
2025-01-11,5151.2,10:45:05
2025-01-12,5157.7,11:00:17
2025-01-13,5481.2,10:48:15
2025-01-14,5596.7,10:08:28
2025-01-15,5550.9,10:43:25
2025-01-16,5265.9,10:55:20
2025-01-17,5601.3,09:59:14
2025-01-18,5109.0,10:25:03
2025-01-19,4981.7,10:36:14
2025-01-20,4831.2,09:55:56
2025-01-21,4755.4,09:45:54
2025-01-22,4829.5,09:51:27
2025-01-23,4548.4,09:55:46
2025-01-24,4840.3,10:33:24
2025-01-25,4560.3,10:26:08
2025-01-26,4054.6,09:54:59
2025-01-27,4599.3,09:40:11
2025-01-28,4673.6,10:33:43
2025-01-29,4708.0,10:00:40
2025-01-30,4599.3,10:00:35
2025-01-31,4791.1,10:13:54
2025-02-01,4434.3,10:10:03
2025-02-02,4629.4,10:57:17
2025-02-03,4588.0,10:00:22
2025-02-04,4530.6,09:57:08
2025-02-05,4058.2,10:02:11
2025-02-06,4328.2,09:59:21
2025-02-07,4657.2,10:10:40
2025-02-08,4411.4,09:58:43
2025-02-09,4332.4,09:46:28
2025-02-10,4311.0,09:45:40
2025-02-11,4236.6,09:58:28
2025-02-12,4547.6,10:55:20
2025-02-13,4254.0,10:25:48
2025-02-14,4258.2,09:43:28
2025-02-15,4130.1,10:45:03
2025-02-16,4143.6,10:58:47
2025-02-17,4111.5,10:59:51
2025-02-18,4152.9,10:00:44
2025-02-19,4186.9,10:18:35
2025-02-20,4151.8,10:25:24
2025-02-21,4245.0,10:15:22
2025-02-22,3957.9,09:52:34
2025-02-23,4046.5,09:41:39
2025-02-24,4059.1,09:53:53
2025-02-25,4110.0,10:29:21
2025-02-26,4322.6,10:13:26
2025-02-27,3971.2,10:50:26
2025-02-28,4347.9,09:55:45
2025-03-01,3904.0,10:22:14
2025-03-02,3840.5,10:47:03
2025-03-03,3912.9,10:18:06
2025-03-04,3938.9,09:41:35
2025-03-05,4072.9,10:03:13
2025-03-06,3999.7,09:57:36
2025-03-07,4218.6,11:47:03
2025-03-08,3841.8,10:27:04
2025-03-09,3796.2,10:11:00
2025-03-10,3968.4,09:54:59
2025-03-11,3998.0,10:50:06
2025-03-12,4011.8,10:50:05
2025-03-13,4029.8,12:20:33
2025-03-14,2823.6,17:29:59
2025-03-15,3318.8,11:00:17
2025-03-16,3485.8,11:15:11
2025-03-17,3775.3,10:18:50
2025-03-18,3871.3,10:43:55
2025-03-19,3952.4,10:28:57
2025-03-20,4022.2,11:14:05
2025-03-21,4104.2,10:45:41
2025-03-22,3784.6,10:57:03
2025-03-23,3683.2,11:25:39
2025-03-24,4069.6,11:41:13
2025-03-25,4099.4,18:59:05
2025-03-26,4285.0,18:56:51
2025-03-27,4361.0,19:05:32
2025-03-28,4302.0,11:43:13
2025-03-29,3640.3,18:59:43
2025-03-30,3776.6,12:41:27
2025-03-31,3706.8,18:58:17
2025-04-01,3918.6,18:55:27
2025-04-02,4052.0,18:55:01
2025-04-03,4185.8,17:02:02
2025-04-04,4306.1,11:16:01
2025-04-05,4048.8,19:24:38
2025-04-06,3953.9,19:20:03
2025-04-07,4755.6,17:06:22
2025-04-08,5028.7,15:30:50
2025-04-09,5462.4,15:27:57
2025-04-10,5277.9,15:16:16
2025-04-11,5101.6,15:31:22
2025-04-12,4300.3,19:19:41
2025-04-13,4173.1,23:40:33
2025-04-14,4670.5,15:45:29
2025-04-15,5156.5,15:34:07
2025-04-16,5435.8,15:32:36
2025-04-17,5699.3,15:14:51
2025-04-18,5613.0,15:32:33
2025-04-19,5489.1,15:34:03
2025-04-20,5635.4,23:23:16
2025-04-21,5764.3,15:00:55
2025-04-22,5581.1,16:10:06
2025-04-23,5645.4,15:38:57
2025-04-24,5737.3,15:46:57
2025-04-25,5780.4,15:45:46
2025-04-26,5549.6,00:00:17
2025-04-27,5710.1,23:29:23
2025-04-28,6014.8,15:30:05
2025-04-29,5760.3,00:00:04
2025-04-30,6000.2,15:36:07
2025-05-01,6108.4,15:33:45
2025-05-02,5870.8,00:00:35
2025-05-03,4708.6,23:14:49
2025-05-04,4828.9,23:33:19
2025-05-05,4879.3,15:14:52
2025-05-06,5112.7,15:25:48
2025-05-07,5424.7,14:58:34
2025-05-08,5507.3,15:28:23
2025-05-09,5764.7,15:31:00
2025-05-10,5551.4,00:01:00
2025-05-11,5224.1,23:44:43
2025-05-12,5839.1,23:11:15
2025-05-13,6401.5,15:15:17
2025-05-14,6168.3,15:26:05
2025-05-15,6473.9,23:27:52
2025-05-16,6867.2,15:17:21
2025-05-17,6238.1,14:36:09
2025-05-18,6851.2,23:19:14
2025-05-19,7264.7,15:29:28
2025-05-20,7532.7,22:54:08
2025-05-21,7748.2,15:29:45
2025-05-22,6296.8,23:19:39
2025-05-23,6658.4,15:41:58
2025-05-24,6850.8,23:36:16
2025-05-25,6796.1,00:03:14
2025-05-26,6108.2,23:15:44
2025-05-27,6690.4,22:55:27
2025-05-28,7014.8,22:53:38
2025-05-29,7360.2,15:21:36
2025-05-30,6303.8,00:00:39
2025-05-31,6390.6,15:23:49
2025-06-01,5725.5,15:24:44
2025-06-02,5893.1,14:45:28
2025-06-03,5547.8,00:00:03
2025-06-04,5507.7,14:56:09
2025-06-05,5499.0,00:00:00
2025-06-06,6169.4,15:45:24
2025-06-07,6633.6,23:10:47
2025-06-08,7086.3,23:20:08
2025-06-09,7387.8,23:13:53
2025-06-10,7244.9,00:00:29
2025-06-11,8231.5,22:55:45
2025-06-12,8441.8,23:09:34
2025-06-13,8438.0,14:47:39
2025-06-14,7966.4,23:09:40
2025-06-15,7828.9,00:00:32
2025-06-16,7178.9,00:00:41
2025-06-17,7057.2,14:11:43
2025-06-18,6517.1,23:15:45
2025-06-19,6941.1,23:23:21
2025-06-20,6780.4,00:00:04
2025-06-21,7001.1,23:14:32
2025-06-22,6863.0,23:12:56
2025-06-23,7539.4,15:10:34
2025-06-24,7177.1,14:37:04
2025-06-25,7103.7,15:09:50
2025-06-26,7459.7,15:02:03
2025-06-27,7631.9,15:03:29
2025-06-28,7472.9,00:00:37
2025-06-29,6469.7,00:00:04
2025-06-30,5897.1,15:11:13
2025-07-01,6506.4,23:10:38
2025-07-02,7178.2,22:52:32
2025-07-03,7409.7,23:14:39
2025-07-04,7165.7,00:00:13
2025-07-05,7170.2,22:47:54
2025-07-06,7148.0,23:15:06
2025-07-07,6875.2,00:00:46
2025-07-08,7535.9,22:56:14
2025-07-09,7202.7,15:17:41
2025-07-10,5972.6,17:57:13
2025-07-11,6232.8,15:31:03
2025-07-12,6275.2,15:02:35
2025-07-13,5733.4,00:00:11
2025-07-14,6197.3,15:25:45
2025-07-15,6258.4,15:00:26
2025-07-16,6397.0,15:35:39
2025-07-17,6323.5,15:21:05
2025-07-18,6196.8,15:16:33
2025-07-19,5957.5,15:25:01
2025-07-20,6547.4,22:48:28
2025-07-21,0.0,
2025-07-22,5949.1,22:52:57
2025-07-23,6055.4,22:53:13
2025-07-24,7009.3,22:57:32
2025-07-25,7568.8,15:11:42
2025-07-26,7236.6,23:12:42
2025-07-27,7306.4,22:55:34
2025-07-28,7489.8,15:05:20
2025-07-29,6953.9,00:00:05
2025-07-30,6456.0,15:10:07
2025-07-31,6024.5,12:01:02
2025-08-01,6283.6,15:01:13
2025-08-02,6108.6,15:49:58
2025-08-03,6521.1,23:10:57
2025-08-04,6376.9,15:25:47
2025-08-05,6391.8,15:29:06
2025-08-06,6793.9,15:02:53
2025-08-07,7006.0,23:04:10
2025-08-08,7049.8,15:14:58
2025-08-09,6377.3,00:01:02
2025-08-10,6094.9,23:09:39
2025-08-11,6440.9,23:03:25
2025-08-12,6339.5,23:00:12
2025-08-13,6800.2,22:52:30
2025-08-14,6527.8,00:00:01
2025-08-15,5362.4,00:00:13
2025-08-16,5595.4,15:07:21
2025-08-17,5811.8,14:48:05
2025-08-18,6473.4,15:07:09
2025-08-19,6234.6,23:00:13
2025-08-20,6735.3,23:02:50
2025-08-21,6914.7,15:13:49
2025-08-22,6781.5,23:06:28
2025-08-23,6440.8,00:00:24
2025-08-24,5761.3,23:14:41
2025-08-25,5745.8,12:08:19
2025-08-26,5890.1,14:52:41
2025-08-27,5815.5,11:15:45
2025-08-28,6580.8,15:23:00
2025-08-29,6056.5,15:03:20
2025-08-30,6039.0,15:14:10
2025-08-31,5781.3,00:00:08
2025-09-01,5533.4,14:45:06
2025-09-02,5393.2,12:35:00
2025-09-03,5552.6,12:18:12
2025-09-04,5708.8,14:34:51
2025-09-05,5519.1,14:44:39
2025-09-06,5633.1,15:49:34
2025-09-07,5518.1,13:43:20
2025-09-08,6118.9,15:16:27
2025-09-09,6448.3,15:25:31
2025-09-10,6561.4,14:55:52
2025-09-11,6389.3,15:32:20
2025-09-12,6361.8,15:14:51
2025-09-13,6361.5,23:12:34
2025-09-14,6526.5,23:03:11
2025-09-15,6703.1,22:41:50
2025-09-16,6898.3,22:52:01
2025-09-17,6942.7,15:01:09
2025-09-18,6590.2,22:52:14
2025-09-19,6862.5,15:02:44
2025-09-20,6526.5,00:00:00
2025-09-21,6456.6,23:30:24
2025-09-22,6633.9,15:29:38
2025-09-23,6392.0,15:33:33
2025-09-24,6413.3,15:40:02
2025-09-25,7458.6,16:10:37
2025-09-26,6607.1,15:42:38
2025-09-27,6708.6,23:27:32
2025-09-28,6868.4,23:04:09
2025-09-29,7064.2,15:37:39
2025-09-30,6898.4,00:00:05
2025-10-01,5956.0,15:12:28
2025-10-02,5501.4,00:00:27
2025-10-03,5903.3,15:21:01
2025-10-04,5668.9,15:43:27
2025-10-05,5683.4,23:15:05
2025-10-06,5324.6,00:00:24
2025-10-07,4824.7,12:29:58
2025-10-08,4554.7,18:36:19
2025-10-09,4573.2,18:30:30
2025-10-10,4539.6,11:33:01
2025-10-11,4323.2,18:25:47
2025-10-12,4154.8,18:30:59
2025-10-13,4662.8,18:31:15
2025-10-14,4663.9,18:30:34
2025-10-15,4976.7,12:47:32
2025-10-16,4707.1,18:32:23
2025-10-17,4751.3,18:18:10
2025-10-18,4527.0,12:01:43
2025-10-19,4139.2,11:46:00
2025-10-20,3919.5,18:31:06
2025-10-21,3880.7,18:10:37
2025-10-22,3941.8,18:22:20
2025-10-23,4061.2,18:14:25
2025-10-24,4355.7,18:39:22
2025-10-25,4143.4,18:15:00
2025-10-26,3914.2,18:32:54
2025-10-27,4231.2,12:19:58
2025-10-28,4135.8,18:13:22
2025-10-29,4306.9,18:29:40
2025-10-30,4354.4,18:17:14
2025-10-31,4489.6,11:24:45
2025-11-01,4153.7,18:29:27
2025-11-02,3868.1,12:06:38
2025-11-03,4152.7,18:03:28
2025-11-04,4234.9,18:08:36
2025-11-05,4246.2,19:04:04
2025-11-06,4045.1,18:20:22
2025-11-07,4027.5,11:26:38
2025-11-08,3830.6,10:24:34
2025-11-09,3762.0,11:23:39
2025-11-10,3984.4,10:28:24
2025-11-11,3978.3,10:45:20
2025-11-12,4085.0,10:19:59
2025-11-13,4041.7,10:07:45
2025-11-14,4234.4,10:28:29
2025-11-15,3961.8,10:33:55
2025-11-16,3934.2,11:03:15
2025-11-17,4070.0,10:21:40
2025-11-18,4108.3,10:23:01
2025-11-19,4228.7,10:25:10
2025-11-20,4125.4,10:18:41
2025-11-21,4347.1,10:23:30
2025-11-22,4027.0,10:23:48
2026-04-10,4232.2,19:16:41
2026-04-11,4168.2,19:17:59
2026-04-12,3891.6,20:28:01
2026-04-13,4410.9,16:55:23
2026-04-14,4510.0,19:31:22
2026-04-15,4961.1,16:32:03
2026-04-16,5653.4,16:16:19
2026-04-17,5427.5,14:54:00
2026-04-18,5043.2,15:44:26
2026-04-19,4983.2,23:18:55
2026-04-20,5609.9,15:33:26
2026-04-21,5665.0,15:39:52
2026-04-22,6020.2,15:30:45
2026-04-23,6323.0,15:45:17
2026-04-24,6578.1,15:30:47
2026-04-25,6516.9,15:05:20
2026-04-26,6649.9,23:24:52
2026-04-27,7078.2,15:30:43
2026-04-28,7091.4,15:26:56
2026-04-29,6754.4,00:02:00
2026-04-30,6565.0,14:58:29
2026-05-01,5792.5,23:08:10
2026-05-02,6134.6,15:39:57
2026-05-03,5836.0,23:13:37
2026-05-04,5159.1,00:00:29
2026-05-05,5312.7,14:54:25
2026-05-06,5292.7,16:03:50
2026-05-07,5161.4,15:24:50
2026-05-08,5325.0,16:20:39
2026-05-09,5394.4,23:30:39
2026-05-10,5700.7,23:00:41
2026-05-11,6342.9,15:12:27
2026-05-12,6829.4,16:03:20
2026-05-13,6630.0,15:33:44
2026-05-14,6792.3,23:09:17
2026-05-15,6785.6,15:30:46
2026-05-16,6785.0,23:14:29
2026-05-17,7094.1,23:19:21
2026-05-18,7600.3,23:11:27
2026-05-19,7841.2,22:56:16
2026-05-20,8038.5,15:35:47
2026-05-21,8230.8,15:31:04
2026-05-22,8154.3,15:33:49
2026-05-23,7940.1,00:00:00
2026-05-24,7890.7,23:43:53
2026-05-25,8438.8,15:35:51
2026-05-26,8184.2,00:00:49
2026-05-27,8142.8,23:13:22
2026-05-28,8164.2,15:18:28
2026-05-29,7226.1,15:33:37
2026-05-30,6465.1,15:29:17
2026-05-31,5613.1,23:45:59
2026-06-01,6290.0,23:51:27
2026-06-02,6697.9,23:14:36
2026-06-03,7352.9,23:26:58
2026-06-04,7227.2,00:01:03
2026-06-05,6561.2,23:24:03
2026-06-06,6759.3,15:14:42
2026-06-07,6854.5,23:43:42
2026-06-08,7580.3,15:31:32
2026-06-09,7888.0,15:28:52
2026-06-10,8433.8,15:33:00
2026-06-11,8296.2,00:00:40
2026-06-12,6676.3,23:10:28
2026-06-13,6275.6,23:29:23
2026-06-14,6960.6,23:19:29
2026-06-15,6818.2,00:01:28
2026-06-16,6076.1,00:01:43
2026-06-17,6735.2,23:27:01
2026-06-18,7233.9,15:30:35
2026-06-19,7279.2,15:31:05
2026-06-20,7406.8,23:28:48
2026-06-21,7350.5,00:00:24
2026-06-22,7180.7,23:24:00
2026-06-23,7297.1,14:30:29
2026-06-24,7325.6,15:47:23
2026-06-25,7450.4,23:22:09
2026-06-26,7611.3,23:21:01
2026-06-27,7992.3,23:20:50
2026-06-28,7996.7,23:29:10
2026-06-29,8748.0,15:17:09
2026-06-30,8505.5,15:27:37
2026-07-01,8177.0,00:01:00
2026-07-02,7413.3,00:01:02
2026-07-03,7654.7,15:03:21
2026-07-04,7406.0,23:00:45
2026-07-05,7194.9,00:00:49
2026-07-06,7956.9,22:55:29
2026-07-07,7658.8,00:01:00
2026-07-08,6237.7,11:43:52
2026-07-09,5708.7,00:00:25
2026-07-10,6379.3,15:33:37
2026-07-11,7152.9,23:28:13
2026-07-12,7516.4,22:52:08
2026-07-13,7960.7,15:15:00
2026-07-14,8142.6,15:21:48
2026-07-15,8120.8,15:13:01
2026-07-16,8480.3,22:52:29
2026-07-17,8415.8,23:14:24
2026-07-18,8189.8,23:03:57
2026-07-19,8116.4,23:00:42
2026-07-20,7862.1,00:01:08
2026-07-21,6753.9,00:00:05
2026-07-22,6845.9,22:56:27
2026-07-23,6926.7,15:26:15
2026-07-24,6942.4,22:57:06
2026-07-25,6908.5,23:15:31
2026-07-26,7397.4,23:09:50
2026-07-27,7927.9,15:10:25
2026-07-28,7255.9,00:00:42
2026-07-29,7153.6,22:45:39
2026-07-30,7465.9,15:10:17
2026-07-31,7180.9,22:55:58
2026-08-01,7132.5,22:58:49
2026-08-02,7235.9,22:52:29
2026-08-03,7619.7,15:06:24
2026-08-04,7122.3,00:00:27
2026-08-05,6923.6,23:00:52
2026-08-06,6606.9,00:00:23
2026-08-07,5820.6,11:09:54
2026-08-08,5930.6,14:46:00
2026-08-09,6750.9,23:00:42
2026-08-10,6938.3,14:30:03
2026-08-11,6474.6,15:03:07
2026-08-12,7338.1,22:35:42
2026-08-13,7200.3,22:45:34
2026-08-14,6895.1,00:00:04
2026-08-15,6520.3,23:00:50
2026-08-16,7037.8,23:00:44
2026-08-17,0.0,
2026-08-18,0.0,
2026-08-19,7275.8,15:27:48
2026-08-20,7111.0,00:00:31
2026-08-25,6770.1,15:30:46
2026-08-27,7216.8,15:00:30
2026-08-28,6498.1,22:57:06
2026-08-29,7045.1,23:06:37
2026-08-30,7027.0,23:08:54
2026-08-31,7151.1,23:17:24
2026-09-01,7067.7,15:32:45
2026-09-02,6624.2,00:00:43
2026-09-04,6605.3,00:00:10
2026-09-05,5578.5,00:49:15
2026-09-06,4998.4,22:30:24
2026-09-07,6079.7,15:26:44
2026-09-08,0.0,
2026-09-09,6790.1,23:00:45
2026-09-10,7001.9,15:28:45
2026-09-11,6755.7,00:00:01
2026-09-12,6426.1,23:47:34
2026-09-13,6443.9,22:59:25
2026-09-14,6891.3,22:49:59
2026-09-15,7038.7,22:43:43
2026-09-16,7354.1,22:18:29
2026-09-17,7033.1,00:00:50
2026-09-18,6715.1,23:15:00
2026-09-19,6460.6,00:00:06
2026-09-20,6427.0,23:01:50
2026-09-21,6735.4,14:52:44
2026-09-22,6881.7,15:33:01
2026-09-23,7004.4,22:58:20
2026-09-24,6938.5,16:05:03
2026-09-25,6612.1,00:00:08
2026-09-26,5787.0,00:01:14
2026-09-27,4732.9,18:43:42
2026-09-28,5112.0,12:33:12
2026-09-29,5269.9,18:50:39
2026-09-30,5472.5,18:55:46
2026-10-01,5744.4,15:45:07
2026-10-02,5083.3,22:30:39
2026-10-03,5552.9,15:59:51
2026-10-04,5734.5,23:16:35
2026-10-05,6320.5,15:31:20
2026-10-06,6477.3,15:44:39
2026-10-07,6010.5,12:32:15